# Rome Colosseum Leveled Stone Road and Void Seal Plaza
mtllib ../../../materials/roman_stone_road.mtl
o Rome_Stone_Road_Plaza
v 122.0000 0.0500 0.0000
v 121.8530 0.0500 5.9863
v 121.4125 0.0500 11.9581
v 120.6795 0.0500 17.9011
v 119.6558 0.0500 23.8010
v 118.3438 0.0500 29.6436
v 116.7467 0.0500 35.4147
v 114.8684 0.0500 41.1006
v 112.7133 0.0500 46.6874
v 110.2867 0.0500 52.1617
v 107.5944 0.0500 57.5104
v 104.6429 0.0500 62.7205
v 101.4393 0.0500 67.7796
v 97.9913 0.0500 72.6753
v 94.3073 0.0500 77.3960
v 90.3960 0.0500 81.9302
v 86.2670 0.0500 86.2670
v 81.9302 0.0500 90.3960
v 77.3960 0.0500 94.3073
v 72.6753 0.0500 97.9913
v 67.7796 0.0500 101.4393
v 62.7205 0.0500 104.6429
v 57.5104 0.0500 107.5944
v 52.1617 0.0500 110.2867
v 46.6874 0.0500 112.7133
v 41.1006 0.0500 114.8684
v 35.4147 0.0500 116.7467
v 29.6436 0.0500 118.3438
v 23.8010 0.0500 119.6558
v 17.9011 0.0500 120.6795
v 11.9581 0.0500 121.4125
v 5.9863 0.0500 121.8530
v 0.0000 0.0500 122.0000
v -5.9863 0.0500 121.8530
v -11.9581 0.0500 121.4125
v -17.9011 0.0500 120.6795
v -23.8010 0.0500 119.6558
v -29.6436 0.0500 118.3438
v -35.4147 0.0500 116.7467
v -41.1006 0.0500 114.8684
v -46.6874 0.0500 112.7133
v -52.1617 0.0500 110.2867
v -57.5104 0.0500 107.5944
v -62.7205 0.0500 104.6429
v -67.7796 0.0500 101.4393
v -72.6753 0.0500 97.9913
v -77.3960 0.0500 94.3073
v -81.9302 0.0500 90.3960
v -86.2670 0.0500 86.2670
v -90.3960 0.0500 81.9302
v -94.3073 0.0500 77.3960
v -97.9913 0.0500 72.6753
v -101.4393 0.0500 67.7796
v -104.6429 0.0500 62.7205
v -107.5944 0.0500 57.5104
v -110.2867 0.0500 52.1617
v -112.7133 0.0500 46.6874
v -114.8684 0.0500 41.1006
v -116.7467 0.0500 35.4147
v -118.3438 0.0500 29.6436
v -119.6558 0.0500 23.8010
v -120.6795 0.0500 17.9011
v -121.4125 0.0500 11.9581
v -121.8530 0.0500 5.9863
v -122.0000 0.0500 0.0000
v -121.8530 0.0500 -5.9863
v -121.4125 0.0500 -11.9581
v -120.6795 0.0500 -17.9011
v -119.6558 0.0500 -23.8010
v -118.3438 0.0500 -29.6436
v -116.7467 0.0500 -35.4147
v -114.8684 0.0500 -41.1006
v -112.7133 0.0500 -46.6874
v -110.2867 0.0500 -52.1617
v -107.5944 0.0500 -57.5104
v -104.6429 0.0500 -62.7205
v -101.4393 0.0500 -67.7796
v -97.9913 0.0500 -72.6753
v -94.3073 0.0500 -77.3960
v -90.3960 0.0500 -81.9302
v -86.2670 0.0500 -86.2670
v -81.9302 0.0500 -90.3960
v -77.3960 0.0500 -94.3073
v -72.6753 0.0500 -97.9913
v -67.7796 0.0500 -101.4393
v -62.7205 0.0500 -104.6429
v -57.5104 0.0500 -107.5944
v -52.1617 0.0500 -110.2867
v -46.6874 0.0500 -112.7133
v -41.1006 0.0500 -114.8684
v -35.4147 0.0500 -116.7467
v -29.6436 0.0500 -118.3438
v -23.8010 0.0500 -119.6558
v -17.9011 0.0500 -120.6795
v -11.9581 0.0500 -121.4125
v -5.9863 0.0500 -121.8530
v -0.0000 0.0500 -122.0000
v 5.9863 0.0500 -121.8530
v 11.9581 0.0500 -121.4125
v 17.9011 0.0500 -120.6795
v 23.8010 0.0500 -119.6558
v 29.6436 0.0500 -118.3438
v 35.4147 0.0500 -116.7467
v 41.1006 0.0500 -114.8684
v 46.6874 0.0500 -112.7133
v 52.1617 0.0500 -110.2867
v 57.5104 0.0500 -107.5944
v 62.7205 0.0500 -104.6429
v 67.7796 0.0500 -101.4393
v 72.6753 0.0500 -97.9913
v 77.3960 0.0500 -94.3073
v 81.9302 0.0500 -90.3960
v 86.2670 0.0500 -86.2670
v 90.3960 0.0500 -81.9302
v 94.3073 0.0500 -77.3960
v 97.9913 0.0500 -72.6753
v 101.4393 0.0500 -67.7796
v 104.6429 0.0500 -62.7205
v 107.5944 0.0500 -57.5104
v 110.2867 0.0500 -52.1617
v 112.7133 0.0500 -46.6874
v 114.8684 0.0500 -41.1006
v 116.7467 0.0500 -35.4147
v 118.3438 0.0500 -29.6436
v 119.6558 0.0500 -23.8010
v 120.6795 0.0500 -17.9011
v 121.4125 0.0500 -11.9581
v 121.8530 0.0500 -5.9863
v 137.0000 0.0500 0.0000
v 136.8350 0.0500 6.7223
v 136.3403 0.0500 13.4283
v 135.5172 0.0500 20.1021
v 134.3676 0.0500 26.7274
v 132.8943 0.0500 33.2883
v 131.1008 0.0500 39.7690
v 128.9915 0.0500 46.1539
v 126.5715 0.0500 52.4276
v 123.8465 0.0500 58.5750
v 120.8232 0.0500 64.5814
v 117.5088 0.0500 70.4321
v 113.9113 0.0500 76.1131
v 110.0394 0.0500 81.6108
v 105.9024 0.0500 86.9119
v 101.5103 0.0500 92.0036
v 96.8736 0.0500 96.8736
v 92.0036 0.0500 101.5103
v 86.9119 0.0500 105.9024
v 81.6108 0.0500 110.0394
v 76.1131 0.0500 113.9113
v 70.4321 0.0500 117.5088
v 64.5814 0.0500 120.8232
v 58.5750 0.0500 123.8465
v 52.4276 0.0500 126.5715
v 46.1539 0.0500 128.9915
v 39.7690 0.0500 131.1008
v 33.2883 0.0500 132.8943
v 26.7274 0.0500 134.3676
v 20.1021 0.0500 135.5172
v 13.4283 0.0500 136.3403
v 6.7223 0.0500 136.8350
v 0.0000 0.0500 137.0000
v -6.7223 0.0500 136.8350
v -13.4283 0.0500 136.3403
v -20.1021 0.0500 135.5172
v -26.7274 0.0500 134.3676
v -33.2883 0.0500 132.8943
v -39.7690 0.0500 131.1008
v -46.1539 0.0500 128.9915
v -52.4276 0.0500 126.5715
v -58.5750 0.0500 123.8465
v -64.5814 0.0500 120.8232
v -70.4321 0.0500 117.5088
v -76.1131 0.0500 113.9113
v -81.6108 0.0500 110.0394
v -86.9119 0.0500 105.9024
v -92.0036 0.0500 101.5103
v -96.8736 0.0500 96.8736
v -101.5103 0.0500 92.0036
v -105.9024 0.0500 86.9119
v -110.0394 0.0500 81.6108
v -113.9113 0.0500 76.1131
v -117.5088 0.0500 70.4321
v -120.8232 0.0500 64.5814
v -123.8465 0.0500 58.5750
v -126.5715 0.0500 52.4276
v -128.9915 0.0500 46.1539
v -131.1008 0.0500 39.7690
v -132.8943 0.0500 33.2883
v -134.3676 0.0500 26.7274
v -135.5172 0.0500 20.1021
v -136.3403 0.0500 13.4283
v -136.8350 0.0500 6.7223
v -137.0000 0.0500 0.0000
v -136.8350 0.0500 -6.7223
v -136.3403 0.0500 -13.4283
v -135.5172 0.0500 -20.1021
v -134.3676 0.0500 -26.7274
v -132.8943 0.0500 -33.2883
v -131.1008 0.0500 -39.7690
v -128.9915 0.0500 -46.1539
v -126.5715 0.0500 -52.4276
v -123.8465 0.0500 -58.5750
v -120.8232 0.0500 -64.5814
v -117.5088 0.0500 -70.4321
v -113.9113 0.0500 -76.1131
v -110.0394 0.0500 -81.6108
v -105.9024 0.0500 -86.9119
v -101.5103 0.0500 -92.0036
v -96.8736 0.0500 -96.8736
v -92.0036 0.0500 -101.5103
v -86.9119 0.0500 -105.9024
v -81.6108 0.0500 -110.0394
v -76.1131 0.0500 -113.9113
v -70.4321 0.0500 -117.5088
v -64.5814 0.0500 -120.8232
v -58.5750 0.0500 -123.8465
v -52.4276 0.0500 -126.5715
v -46.1539 0.0500 -128.9915
v -39.7690 0.0500 -131.1008
v -33.2883 0.0500 -132.8943
v -26.7274 0.0500 -134.3676
v -20.1021 0.0500 -135.5172
v -13.4283 0.0500 -136.3403
v -6.7223 0.0500 -136.8350
v -0.0000 0.0500 -137.0000
v 6.7223 0.0500 -136.8350
v 13.4283 0.0500 -136.3403
v 20.1021 0.0500 -135.5172
v 26.7274 0.0500 -134.3676
v 33.2883 0.0500 -132.8943
v 39.7690 0.0500 -131.1008
v 46.1539 0.0500 -128.9915
v 52.4276 0.0500 -126.5715
v 58.5750 0.0500 -123.8465
v 64.5814 0.0500 -120.8232
v 70.4321 0.0500 -117.5088
v 76.1131 0.0500 -113.9113
v 81.6108 0.0500 -110.0394
v 86.9119 0.0500 -105.9024
v 92.0036 0.0500 -101.5103
v 96.8736 0.0500 -96.8736
v 101.5103 0.0500 -92.0036
v 105.9024 0.0500 -86.9119
v 110.0394 0.0500 -81.6108
v 113.9113 0.0500 -76.1131
v 117.5088 0.0500 -70.4321
v 120.8232 0.0500 -64.5814
v 123.8465 0.0500 -58.5750
v 126.5715 0.0500 -52.4276
v 128.9915 0.0500 -46.1539
v 131.1008 0.0500 -39.7690
v 132.8943 0.0500 -33.2883
v 134.3676 0.0500 -26.7274
v 135.5172 0.0500 -20.1021
v 136.3403 0.0500 -13.4283
v 136.8350 0.0500 -6.7223
v 145.0000 0.0500 0.0000
v 144.8253 0.0500 7.1148
v 144.3018 0.0500 14.2125
v 143.4306 0.0500 21.2759
v 142.2139 0.0500 28.2881
v 140.6545 0.0500 35.2321
v 138.7563 0.0500 42.0913
v 136.5239 0.0500 48.8490
v 133.9625 0.0500 55.4891
v 131.0784 0.0500 61.9955
v 127.8786 0.0500 68.3525
v 124.3706 0.0500 74.5449
v 120.5631 0.0500 80.5577
v 116.4651 0.0500 86.3764
v 112.0865 0.0500 91.9870
v 107.4379 0.0500 97.3760
v 102.5305 0.0500 102.5305
v 97.3760 0.0500 107.4379
v 91.9870 0.0500 112.0865
v 86.3764 0.0500 116.4651
v 80.5577 0.0500 120.5631
v 74.5449 0.0500 124.3706
v 68.3525 0.0500 127.8786
v 61.9955 0.0500 131.0784
v 55.4891 0.0500 133.9625
v 48.8490 0.0500 136.5239
v 42.0913 0.0500 138.7563
v 35.2321 0.0500 140.6545
v 28.2881 0.0500 142.2139
v 21.2759 0.0500 143.4306
v 14.2125 0.0500 144.3018
v 7.1148 0.0500 144.8253
v 0.0000 0.0500 145.0000
v -7.1148 0.0500 144.8253
v -14.2125 0.0500 144.3018
v -21.2759 0.0500 143.4306
v -28.2881 0.0500 142.2139
v -35.2321 0.0500 140.6545
v -42.0913 0.0500 138.7563
v -48.8490 0.0500 136.5239
v -55.4891 0.0500 133.9625
v -61.9955 0.0500 131.0784
v -68.3525 0.0500 127.8786
v -74.5449 0.0500 124.3706
v -80.5577 0.0500 120.5631
v -86.3764 0.0500 116.4651
v -91.9870 0.0500 112.0865
v -97.3760 0.0500 107.4379
v -102.5305 0.0500 102.5305
v -107.4379 0.0500 97.3760
v -112.0865 0.0500 91.9870
v -116.4651 0.0500 86.3764
v -120.5631 0.0500 80.5577
v -124.3706 0.0500 74.5449
v -127.8786 0.0500 68.3525
v -131.0784 0.0500 61.9955
v -133.9625 0.0500 55.4891
v -136.5239 0.0500 48.8490
v -138.7563 0.0500 42.0913
v -140.6545 0.0500 35.2321
v -142.2139 0.0500 28.2881
v -143.4306 0.0500 21.2759
v -144.3018 0.0500 14.2125
v -144.8253 0.0500 7.1148
v -145.0000 0.0500 0.0000
v -144.8253 0.0500 -7.1148
v -144.3018 0.0500 -14.2125
v -143.4306 0.0500 -21.2759
v -142.2139 0.0500 -28.2881
v -140.6545 0.0500 -35.2321
v -138.7563 0.0500 -42.0913
v -136.5239 0.0500 -48.8490
v -133.9625 0.0500 -55.4891
v -131.0784 0.0500 -61.9955
v -127.8786 0.0500 -68.3525
v -124.3706 0.0500 -74.5449
v -120.5631 0.0500 -80.5577
v -116.4651 0.0500 -86.3764
v -112.0865 0.0500 -91.9870
v -107.4379 0.0500 -97.3760
v -102.5305 0.0500 -102.5305
v -97.3760 0.0500 -107.4379
v -91.9870 0.0500 -112.0865
v -86.3764 0.0500 -116.4651
v -80.5577 0.0500 -120.5631
v -74.5449 0.0500 -124.3706
v -68.3525 0.0500 -127.8786
v -61.9955 0.0500 -131.0784
v -55.4891 0.0500 -133.9625
v -48.8490 0.0500 -136.5239
v -42.0913 0.0500 -138.7563
v -35.2321 0.0500 -140.6545
v -28.2881 0.0500 -142.2139
v -21.2759 0.0500 -143.4306
v -14.2125 0.0500 -144.3018
v -7.1148 0.0500 -144.8253
v -0.0000 0.0500 -145.0000
v 7.1148 0.0500 -144.8253
v 14.2125 0.0500 -144.3018
v 21.2759 0.0500 -143.4306
v 28.2881 0.0500 -142.2139
v 35.2321 0.0500 -140.6545
v 42.0913 0.0500 -138.7563
v 48.8490 0.0500 -136.5239
v 55.4891 0.0500 -133.9625
v 61.9955 0.0500 -131.0784
v 68.3525 0.0500 -127.8786
v 74.5449 0.0500 -124.3706
v 80.5577 0.0500 -120.5631
v 86.3764 0.0500 -116.4651
v 91.9870 0.0500 -112.0865
v 97.3760 0.0500 -107.4379
v 102.5305 0.0500 -102.5305
v 107.4379 0.0500 -97.3760
v 112.0865 0.0500 -91.9870
v 116.4651 0.0500 -86.3764
v 120.5631 0.0500 -80.5577
v 124.3706 0.0500 -74.5449
v 127.8786 0.0500 -68.3525
v 131.0784 0.0500 -61.9955
v 133.9625 0.0500 -55.4891
v 136.5239 0.0500 -48.8490
v 138.7563 0.0500 -42.0913
v 140.6545 0.0500 -35.2321
v 142.2139 0.0500 -28.2881
v 143.4306 0.0500 -21.2759
v 144.3018 0.0500 -14.2125
v 144.8253 0.0500 -7.1148
v 175.0000 0.0500 0.0000
v 174.7892 0.0500 8.5868
v 174.1573 0.0500 17.1530
v 173.1059 0.0500 25.6778
v 171.6374 0.0500 34.1408
v 169.7555 0.0500 42.5215
v 167.4646 0.0500 50.7998
v 164.7702 0.0500 58.9557
v 161.6789 0.0500 66.9696
v 158.1981 0.0500 74.8221
v 154.3362 0.0500 82.4944
v 150.1025 0.0500 89.9680
v 145.5072 0.0500 97.2248
v 140.5613 0.0500 104.2474
v 135.2768 0.0500 111.0188
v 129.6664 0.0500 117.5228
v 123.7437 0.0500 123.7437
v 117.5228 0.0500 129.6664
v 111.0188 0.0500 135.2768
v 104.2474 0.0500 140.5613
v 97.2248 0.0500 145.5072
v 89.9680 0.0500 150.1025
v 82.4944 0.0500 154.3362
v 74.8221 0.0500 158.1981
v 66.9696 0.0500 161.6789
v 58.9557 0.0500 164.7702
v 50.7998 0.0500 167.4646
v 42.5215 0.0500 169.7555
v 34.1408 0.0500 171.6374
v 25.6778 0.0500 173.1059
v 17.1530 0.0500 174.1573
v 8.5868 0.0500 174.7892
v 0.0000 0.0500 175.0000
v -8.5868 0.0500 174.7892
v -17.1530 0.0500 174.1573
v -25.6778 0.0500 173.1059
v -34.1408 0.0500 171.6374
v -42.5215 0.0500 169.7555
v -50.7998 0.0500 167.4646
v -58.9557 0.0500 164.7702
v -66.9696 0.0500 161.6789
v -74.8221 0.0500 158.1981
v -82.4944 0.0500 154.3362
v -89.9680 0.0500 150.1025
v -97.2248 0.0500 145.5072
v -104.2474 0.0500 140.5613
v -111.0188 0.0500 135.2768
v -117.5228 0.0500 129.6664
v -123.7437 0.0500 123.7437
v -129.6664 0.0500 117.5228
v -135.2768 0.0500 111.0188
v -140.5613 0.0500 104.2474
v -145.5072 0.0500 97.2248
v -150.1025 0.0500 89.9680
v -154.3362 0.0500 82.4944
v -158.1981 0.0500 74.8221
v -161.6789 0.0500 66.9696
v -164.7702 0.0500 58.9557
v -167.4646 0.0500 50.7998
v -169.7555 0.0500 42.5215
v -171.6374 0.0500 34.1408
v -173.1059 0.0500 25.6778
v -174.1573 0.0500 17.1530
v -174.7892 0.0500 8.5868
v -175.0000 0.0500 0.0000
v -174.7892 0.0500 -8.5868
v -174.1573 0.0500 -17.1530
v -173.1059 0.0500 -25.6778
v -171.6374 0.0500 -34.1408
v -169.7555 0.0500 -42.5215
v -167.4646 0.0500 -50.7998
v -164.7702 0.0500 -58.9557
v -161.6789 0.0500 -66.9696
v -158.1981 0.0500 -74.8221
v -154.3362 0.0500 -82.4944
v -150.1025 0.0500 -89.9680
v -145.5072 0.0500 -97.2248
v -140.5613 0.0500 -104.2474
v -135.2768 0.0500 -111.0188
v -129.6664 0.0500 -117.5228
v -123.7437 0.0500 -123.7437
v -117.5228 0.0500 -129.6664
v -111.0188 0.0500 -135.2768
v -104.2474 0.0500 -140.5613
v -97.2248 0.0500 -145.5072
v -89.9680 0.0500 -150.1025
v -82.4944 0.0500 -154.3362
v -74.8221 0.0500 -158.1981
v -66.9696 0.0500 -161.6789
v -58.9557 0.0500 -164.7702
v -50.7998 0.0500 -167.4646
v -42.5215 0.0500 -169.7555
v -34.1408 0.0500 -171.6374
v -25.6778 0.0500 -173.1059
v -17.1530 0.0500 -174.1573
v -8.5868 0.0500 -174.7892
v -0.0000 0.0500 -175.0000
v 8.5868 0.0500 -174.7892
v 17.1530 0.0500 -174.1573
v 25.6778 0.0500 -173.1059
v 34.1408 0.0500 -171.6374
v 42.5215 0.0500 -169.7555
v 50.7998 0.0500 -167.4646
v 58.9557 0.0500 -164.7702
v 66.9696 0.0500 -161.6789
v 74.8221 0.0500 -158.1981
v 82.4944 0.0500 -154.3362
v 89.9680 0.0500 -150.1025
v 97.2248 0.0500 -145.5072
v 104.2474 0.0500 -140.5613
v 111.0188 0.0500 -135.2768
v 117.5228 0.0500 -129.6664
v 123.7437 0.0500 -123.7437
v 129.6664 0.0500 -117.5228
v 135.2768 0.0500 -111.0188
v 140.5613 0.0500 -104.2474
v 145.5072 0.0500 -97.2248
v 150.1025 0.0500 -89.9680
v 154.3362 0.0500 -82.4944
v 158.1981 0.0500 -74.8221
v 161.6789 0.0500 -66.9696
v 164.7702 0.0500 -58.9557
v 167.4646 0.0500 -50.7998
v 169.7555 0.0500 -42.5215
v 171.6374 0.0500 -34.1408
v 173.1059 0.0500 -25.6778
v 174.1573 0.0500 -17.1530
v 174.7892 0.0500 -8.5868
v 230.0000 0.0500 0.0000
v 229.7230 0.0500 11.2856
v 228.8925 0.0500 22.5439
v 227.5106 0.0500 33.7480
v 225.5806 0.0500 44.8708
v 223.1072 0.0500 55.8854
v 220.0963 0.0500 66.7655
v 216.5551 0.0500 77.4847
v 212.4923 0.0500 88.0172
v 207.9175 0.0500 98.3377
v 202.8419 0.0500 108.4212
v 197.2776 0.0500 118.2436
v 191.2380 0.0500 127.7812
v 184.7377 0.0500 137.0108
v 177.7924 0.0500 145.9105
v 170.4188 0.0500 154.4586
v 162.6346 0.0500 162.6346
v 154.4586 0.0500 170.4188
v 145.9105 0.0500 177.7924
v 137.0108 0.0500 184.7377
v 127.7812 0.0500 191.2380
v 118.2436 0.0500 197.2776
v 108.4212 0.0500 202.8419
v 98.3377 0.0500 207.9175
v 88.0172 0.0500 212.4923
v 77.4847 0.0500 216.5551
v 66.7655 0.0500 220.0963
v 55.8854 0.0500 223.1072
v 44.8708 0.0500 225.5806
v 33.7480 0.0500 227.5106
v 22.5439 0.0500 228.8925
v 11.2856 0.0500 229.7230
v 0.0000 0.0500 230.0000
v -11.2856 0.0500 229.7230
v -22.5439 0.0500 228.8925
v -33.7480 0.0500 227.5106
v -44.8708 0.0500 225.5806
v -55.8854 0.0500 223.1072
v -66.7655 0.0500 220.0963
v -77.4847 0.0500 216.5551
v -88.0172 0.0500 212.4923
v -98.3377 0.0500 207.9175
v -108.4212 0.0500 202.8419
v -118.2436 0.0500 197.2776
v -127.7812 0.0500 191.2380
v -137.0108 0.0500 184.7377
v -145.9105 0.0500 177.7924
v -154.4586 0.0500 170.4188
v -162.6346 0.0500 162.6346
v -170.4188 0.0500 154.4586
v -177.7924 0.0500 145.9105
v -184.7377 0.0500 137.0108
v -191.2380 0.0500 127.7812
v -197.2776 0.0500 118.2436
v -202.8419 0.0500 108.4212
v -207.9175 0.0500 98.3377
v -212.4923 0.0500 88.0172
v -216.5551 0.0500 77.4847
v -220.0963 0.0500 66.7655
v -223.1072 0.0500 55.8854
v -225.5806 0.0500 44.8708
v -227.5106 0.0500 33.7480
v -228.8925 0.0500 22.5439
v -229.7230 0.0500 11.2856
v -230.0000 0.0500 0.0000
v -229.7230 0.0500 -11.2856
v -228.8925 0.0500 -22.5439
v -227.5106 0.0500 -33.7480
v -225.5806 0.0500 -44.8708
v -223.1072 0.0500 -55.8854
v -220.0963 0.0500 -66.7655
v -216.5551 0.0500 -77.4847
v -212.4923 0.0500 -88.0172
v -207.9175 0.0500 -98.3377
v -202.8419 0.0500 -108.4212
v -197.2776 0.0500 -118.2436
v -191.2380 0.0500 -127.7812
v -184.7377 0.0500 -137.0108
v -177.7924 0.0500 -145.9105
v -170.4188 0.0500 -154.4586
v -162.6346 0.0500 -162.6346
v -154.4586 0.0500 -170.4188
v -145.9105 0.0500 -177.7924
v -137.0108 0.0500 -184.7377
v -127.7812 0.0500 -191.2380
v -118.2436 0.0500 -197.2776
v -108.4212 0.0500 -202.8419
v -98.3377 0.0500 -207.9175
v -88.0172 0.0500 -212.4923
v -77.4847 0.0500 -216.5551
v -66.7655 0.0500 -220.0963
v -55.8854 0.0500 -223.1072
v -44.8708 0.0500 -225.5806
v -33.7480 0.0500 -227.5106
v -22.5439 0.0500 -228.8925
v -11.2856 0.0500 -229.7230
v -0.0000 0.0500 -230.0000
v 11.2856 0.0500 -229.7230
v 22.5439 0.0500 -228.8925
v 33.7480 0.0500 -227.5106
v 44.8708 0.0500 -225.5806
v 55.8854 0.0500 -223.1072
v 66.7655 0.0500 -220.0963
v 77.4847 0.0500 -216.5551
v 88.0172 0.0500 -212.4923
v 98.3377 0.0500 -207.9175
v 108.4212 0.0500 -202.8419
v 118.2436 0.0500 -197.2776
v 127.7812 0.0500 -191.2380
v 137.0108 0.0500 -184.7377
v 145.9105 0.0500 -177.7924
v 154.4586 0.0500 -170.4188
v 162.6346 0.0500 -162.6346
v 170.4188 0.0500 -154.4586
v 177.7924 0.0500 -145.9105
v 184.7377 0.0500 -137.0108
v 191.2380 0.0500 -127.7812
v 197.2776 0.0500 -118.2436
v 202.8419 0.0500 -108.4212
v 207.9175 0.0500 -98.3377
v 212.4923 0.0500 -88.0172
v 216.5551 0.0500 -77.4847
v 220.0963 0.0500 -66.7655
v 223.1072 0.0500 -55.8854
v 225.5806 0.0500 -44.8708
v 227.5106 0.0500 -33.7480
v 228.8925 0.0500 -22.5439
v 229.7230 0.0500 -11.2856
v 320.0000 0.0500 0.0000
v 319.6145 0.0500 15.7017
v 318.4591 0.0500 31.3655
v 316.5365 0.0500 46.9538
v 313.8513 0.0500 62.4289
v 310.4100 0.0500 77.7537
v 306.2209 0.0500 92.8911
v 301.2941 0.0500 107.8048
v 295.6415 0.0500 122.4587
v 289.2766 0.0500 136.8176
v 282.2148 0.0500 150.8470
v 274.4732 0.0500 164.5129
v 266.0703 0.0500 177.7825
v 257.0264 0.0500 190.6238
v 247.3633 0.0500 203.0059
v 237.1044 0.0500 214.8989
v 226.2742 0.0500 226.2742
v 214.8989 0.0500 237.1044
v 203.0059 0.0500 247.3633
v 190.6238 0.0500 257.0264
v 177.7825 0.0500 266.0703
v 164.5129 0.0500 274.4732
v 150.8470 0.0500 282.2148
v 136.8176 0.0500 289.2766
v 122.4587 0.0500 295.6415
v 107.8048 0.0500 301.2941
v 92.8911 0.0500 306.2209
v 77.7537 0.0500 310.4100
v 62.4289 0.0500 313.8513
v 46.9538 0.0500 316.5365
v 31.3655 0.0500 318.4591
v 15.7017 0.0500 319.6145
v 0.0000 0.0500 320.0000
v -15.7017 0.0500 319.6145
v -31.3655 0.0500 318.4591
v -46.9538 0.0500 316.5365
v -62.4289 0.0500 313.8513
v -77.7537 0.0500 310.4100
v -92.8911 0.0500 306.2209
v -107.8048 0.0500 301.2941
v -122.4587 0.0500 295.6415
v -136.8176 0.0500 289.2766
v -150.8470 0.0500 282.2148
v -164.5129 0.0500 274.4732
v -177.7825 0.0500 266.0703
v -190.6238 0.0500 257.0264
v -203.0059 0.0500 247.3633
v -214.8989 0.0500 237.1044
v -226.2742 0.0500 226.2742
v -237.1044 0.0500 214.8989
v -247.3633 0.0500 203.0059
v -257.0264 0.0500 190.6238
v -266.0703 0.0500 177.7825
v -274.4732 0.0500 164.5129
v -282.2148 0.0500 150.8470
v -289.2766 0.0500 136.8176
v -295.6415 0.0500 122.4587
v -301.2941 0.0500 107.8048
v -306.2209 0.0500 92.8911
v -310.4100 0.0500 77.7537
v -313.8513 0.0500 62.4289
v -316.5365 0.0500 46.9538
v -318.4591 0.0500 31.3655
v -319.6145 0.0500 15.7017
v -320.0000 0.0500 0.0000
v -319.6145 0.0500 -15.7017
v -318.4591 0.0500 -31.3655
v -316.5365 0.0500 -46.9538
v -313.8513 0.0500 -62.4289
v -310.4100 0.0500 -77.7537
v -306.2209 0.0500 -92.8911
v -301.2941 0.0500 -107.8048
v -295.6415 0.0500 -122.4587
v -289.2766 0.0500 -136.8176
v -282.2148 0.0500 -150.8470
v -274.4732 0.0500 -164.5129
v -266.0703 0.0500 -177.7825
v -257.0264 0.0500 -190.6238
v -247.3633 0.0500 -203.0059
v -237.1044 0.0500 -214.8989
v -226.2742 0.0500 -226.2742
v -214.8989 0.0500 -237.1044
v -203.0059 0.0500 -247.3633
v -190.6238 0.0500 -257.0264
v -177.7825 0.0500 -266.0703
v -164.5129 0.0500 -274.4732
v -150.8470 0.0500 -282.2148
v -136.8176 0.0500 -289.2766
v -122.4587 0.0500 -295.6415
v -107.8048 0.0500 -301.2941
v -92.8911 0.0500 -306.2209
v -77.7537 0.0500 -310.4100
v -62.4289 0.0500 -313.8513
v -46.9538 0.0500 -316.5365
v -31.3655 0.0500 -318.4591
v -15.7017 0.0500 -319.6145
v -0.0000 0.0500 -320.0000
v 15.7017 0.0500 -319.6145
v 31.3655 0.0500 -318.4591
v 46.9538 0.0500 -316.5365
v 62.4289 0.0500 -313.8513
v 77.7537 0.0500 -310.4100
v 92.8911 0.0500 -306.2209
v 107.8048 0.0500 -301.2941
v 122.4587 0.0500 -295.6415
v 136.8176 0.0500 -289.2766
v 150.8470 0.0500 -282.2148
v 164.5129 0.0500 -274.4732
v 177.7825 0.0500 -266.0703
v 190.6238 0.0500 -257.0264
v 203.0059 0.0500 -247.3633
v 214.8989 0.0500 -237.1044
v 226.2742 0.0500 -226.2742
v 237.1044 0.0500 -214.8989
v 247.3633 0.0500 -203.0059
v 257.0264 0.0500 -190.6238
v 266.0703 0.0500 -177.7825
v 274.4732 0.0500 -164.5129
v 282.2148 0.0500 -150.8470
v 289.2766 0.0500 -136.8176
v 295.6415 0.0500 -122.4587
v 301.2941 0.0500 -107.8048
v 306.2209 0.0500 -92.8911
v 310.4100 0.0500 -77.7537
v 313.8513 0.0500 -62.4289
v 316.5365 0.0500 -46.9538
v 318.4591 0.0500 -31.3655
v 319.6145 0.0500 -15.7017
v 450.0000 0.0500 0.0000
v 449.4580 0.0500 22.0805
v 447.8331 0.0500 44.1077
v 445.1294 0.0500 66.0287
v 441.3534 0.0500 87.7906
v 436.5141 0.0500 109.3411
v 430.6232 0.0500 130.6281
v 423.6948 0.0500 151.6004
v 415.7458 0.0500 172.2075
v 406.7952 0.0500 192.3998
v 396.8646 0.0500 212.1285
v 385.9779 0.0500 231.3462
v 374.1613 0.0500 250.0066
v 361.4434 0.0500 268.0647
v 347.8547 0.0500 285.4770
v 333.4280 0.0500 302.2015
v 318.1981 0.0500 318.1981
v 302.2015 0.0500 333.4280
v 285.4770 0.0500 347.8547
v 268.0647 0.0500 361.4434
v 250.0066 0.0500 374.1613
v 231.3462 0.0500 385.9779
v 212.1285 0.0500 396.8646
v 192.3998 0.0500 406.7952
v 172.2075 0.0500 415.7458
v 151.6004 0.0500 423.6948
v 130.6281 0.0500 430.6232
v 109.3411 0.0500 436.5141
v 87.7906 0.0500 441.3534
v 66.0287 0.0500 445.1294
v 44.1077 0.0500 447.8331
v 22.0805 0.0500 449.4580
v 0.0000 0.0500 450.0000
v -22.0805 0.0500 449.4580
v -44.1077 0.0500 447.8331
v -66.0287 0.0500 445.1294
v -87.7906 0.0500 441.3534
v -109.3411 0.0500 436.5141
v -130.6281 0.0500 430.6232
v -151.6004 0.0500 423.6948
v -172.2075 0.0500 415.7458
v -192.3998 0.0500 406.7952
v -212.1285 0.0500 396.8646
v -231.3462 0.0500 385.9779
v -250.0066 0.0500 374.1613
v -268.0647 0.0500 361.4434
v -285.4770 0.0500 347.8547
v -302.2015 0.0500 333.4280
v -318.1981 0.0500 318.1981
v -333.4280 0.0500 302.2015
v -347.8547 0.0500 285.4770
v -361.4434 0.0500 268.0647
v -374.1613 0.0500 250.0066
v -385.9779 0.0500 231.3462
v -396.8646 0.0500 212.1285
v -406.7952 0.0500 192.3998
v -415.7458 0.0500 172.2075
v -423.6948 0.0500 151.6004
v -430.6232 0.0500 130.6281
v -436.5141 0.0500 109.3411
v -441.3534 0.0500 87.7906
v -445.1294 0.0500 66.0287
v -447.8331 0.0500 44.1077
v -449.4580 0.0500 22.0805
v -450.0000 0.0500 0.0000
v -449.4580 0.0500 -22.0805
v -447.8331 0.0500 -44.1077
v -445.1294 0.0500 -66.0287
v -441.3534 0.0500 -87.7906
v -436.5141 0.0500 -109.3411
v -430.6232 0.0500 -130.6281
v -423.6948 0.0500 -151.6004
v -415.7458 0.0500 -172.2075
v -406.7952 0.0500 -192.3998
v -396.8646 0.0500 -212.1285
v -385.9779 0.0500 -231.3462
v -374.1613 0.0500 -250.0066
v -361.4434 0.0500 -268.0647
v -347.8547 0.0500 -285.4770
v -333.4280 0.0500 -302.2015
v -318.1981 0.0500 -318.1981
v -302.2015 0.0500 -333.4280
v -285.4770 0.0500 -347.8547
v -268.0647 0.0500 -361.4434
v -250.0066 0.0500 -374.1613
v -231.3462 0.0500 -385.9779
v -212.1285 0.0500 -396.8646
v -192.3998 0.0500 -406.7952
v -172.2075 0.0500 -415.7458
v -151.6004 0.0500 -423.6948
v -130.6281 0.0500 -430.6232
v -109.3411 0.0500 -436.5141
v -87.7906 0.0500 -441.3534
v -66.0287 0.0500 -445.1294
v -44.1077 0.0500 -447.8331
v -22.0805 0.0500 -449.4580
v -0.0000 0.0500 -450.0000
v 22.0805 0.0500 -449.4580
v 44.1077 0.0500 -447.8331
v 66.0287 0.0500 -445.1294
v 87.7906 0.0500 -441.3534
v 109.3411 0.0500 -436.5141
v 130.6281 0.0500 -430.6232
v 151.6004 0.0500 -423.6948
v 172.2075 0.0500 -415.7458
v 192.3998 0.0500 -406.7952
v 212.1285 0.0500 -396.8646
v 231.3462 0.0500 -385.9779
v 250.0066 0.0500 -374.1613
v 268.0647 0.0500 -361.4434
v 285.4770 0.0500 -347.8547
v 302.2015 0.0500 -333.4280
v 318.1981 0.0500 -318.1981
v 333.4280 0.0500 -302.2015
v 347.8547 0.0500 -285.4770
v 361.4434 0.0500 -268.0647
v 374.1613 0.0500 -250.0066
v 385.9779 0.0500 -231.3462
v 396.8646 0.0500 -212.1285
v 406.7952 0.0500 -192.3998
v 415.7458 0.0500 -172.2075
v 423.6948 0.0500 -151.6004
v 430.6232 0.0500 -130.6281
v 436.5141 0.0500 -109.3411
v 441.3534 0.0500 -87.7906
v 445.1294 0.0500 -66.0287
v 447.8331 0.0500 -44.1077
v 449.4580 0.0500 -22.0805
v 520.0000 0.0500 520.0000
v 0.0000 0.0500 520.0000
v -520.0000 0.0500 520.0000
v -520.0000 0.0500 0.0000
v -520.0000 0.0500 -520.0000
v 0.0000 0.0500 -520.0000
v 520.0000 0.0500 -520.0000
v 520.0000 0.0500 0.0000
v 122.0000 -6.0000 0.0000
v 121.8530 -6.0000 5.9863
v 121.4125 -6.0000 11.9581
v 120.6795 -6.0000 17.9011
v 119.6558 -6.0000 23.8010
v 118.3438 -6.0000 29.6436
v 116.7467 -6.0000 35.4147
v 114.8684 -6.0000 41.1006
v 112.7133 -6.0000 46.6874
v 110.2867 -6.0000 52.1617
v 107.5944 -6.0000 57.5104
v 104.6429 -6.0000 62.7205
v 101.4393 -6.0000 67.7796
v 97.9913 -6.0000 72.6753
v 94.3073 -6.0000 77.3960
v 90.3960 -6.0000 81.9302
v 86.2670 -6.0000 86.2670
v 81.9302 -6.0000 90.3960
v 77.3960 -6.0000 94.3073
v 72.6753 -6.0000 97.9913
v 67.7796 -6.0000 101.4393
v 62.7205 -6.0000 104.6429
v 57.5104 -6.0000 107.5944
v 52.1617 -6.0000 110.2867
v 46.6874 -6.0000 112.7133
v 41.1006 -6.0000 114.8684
v 35.4147 -6.0000 116.7467
v 29.6436 -6.0000 118.3438
v 23.8010 -6.0000 119.6558
v 17.9011 -6.0000 120.6795
v 11.9581 -6.0000 121.4125
v 5.9863 -6.0000 121.8530
v 0.0000 -6.0000 122.0000
v -5.9863 -6.0000 121.8530
v -11.9581 -6.0000 121.4125
v -17.9011 -6.0000 120.6795
v -23.8010 -6.0000 119.6558
v -29.6436 -6.0000 118.3438
v -35.4147 -6.0000 116.7467
v -41.1006 -6.0000 114.8684
v -46.6874 -6.0000 112.7133
v -52.1617 -6.0000 110.2867
v -57.5104 -6.0000 107.5944
v -62.7205 -6.0000 104.6429
v -67.7796 -6.0000 101.4393
v -72.6753 -6.0000 97.9913
v -77.3960 -6.0000 94.3073
v -81.9302 -6.0000 90.3960
v -86.2670 -6.0000 86.2670
v -90.3960 -6.0000 81.9302
v -94.3073 -6.0000 77.3960
v -97.9913 -6.0000 72.6753
v -101.4393 -6.0000 67.7796
v -104.6429 -6.0000 62.7205
v -107.5944 -6.0000 57.5104
v -110.2867 -6.0000 52.1617
v -112.7133 -6.0000 46.6874
v -114.8684 -6.0000 41.1006
v -116.7467 -6.0000 35.4147
v -118.3438 -6.0000 29.6436
v -119.6558 -6.0000 23.8010
v -120.6795 -6.0000 17.9011
v -121.4125 -6.0000 11.9581
v -121.8530 -6.0000 5.9863
v -122.0000 -6.0000 0.0000
v -121.8530 -6.0000 -5.9863
v -121.4125 -6.0000 -11.9581
v -120.6795 -6.0000 -17.9011
v -119.6558 -6.0000 -23.8010
v -118.3438 -6.0000 -29.6436
v -116.7467 -6.0000 -35.4147
v -114.8684 -6.0000 -41.1006
v -112.7133 -6.0000 -46.6874
v -110.2867 -6.0000 -52.1617
v -107.5944 -6.0000 -57.5104
v -104.6429 -6.0000 -62.7205
v -101.4393 -6.0000 -67.7796
v -97.9913 -6.0000 -72.6753
v -94.3073 -6.0000 -77.3960
v -90.3960 -6.0000 -81.9302
v -86.2670 -6.0000 -86.2670
v -81.9302 -6.0000 -90.3960
v -77.3960 -6.0000 -94.3073
v -72.6753 -6.0000 -97.9913
v -67.7796 -6.0000 -101.4393
v -62.7205 -6.0000 -104.6429
v -57.5104 -6.0000 -107.5944
v -52.1617 -6.0000 -110.2867
v -46.6874 -6.0000 -112.7133
v -41.1006 -6.0000 -114.8684
v -35.4147 -6.0000 -116.7467
v -29.6436 -6.0000 -118.3438
v -23.8010 -6.0000 -119.6558
v -17.9011 -6.0000 -120.6795
v -11.9581 -6.0000 -121.4125
v -5.9863 -6.0000 -121.8530
v -0.0000 -6.0000 -122.0000
v 5.9863 -6.0000 -121.8530
v 11.9581 -6.0000 -121.4125
v 17.9011 -6.0000 -120.6795
v 23.8010 -6.0000 -119.6558
v 29.6436 -6.0000 -118.3438
v 35.4147 -6.0000 -116.7467
v 41.1006 -6.0000 -114.8684
v 46.6874 -6.0000 -112.7133
v 52.1617 -6.0000 -110.2867
v 57.5104 -6.0000 -107.5944
v 62.7205 -6.0000 -104.6429
v 67.7796 -6.0000 -101.4393
v 72.6753 -6.0000 -97.9913
v 77.3960 -6.0000 -94.3073
v 81.9302 -6.0000 -90.3960
v 86.2670 -6.0000 -86.2670
v 90.3960 -6.0000 -81.9302
v 94.3073 -6.0000 -77.3960
v 97.9913 -6.0000 -72.6753
v 101.4393 -6.0000 -67.7796
v 104.6429 -6.0000 -62.7205
v 107.5944 -6.0000 -57.5104
v 110.2867 -6.0000 -52.1617
v 112.7133 -6.0000 -46.6874
v 114.8684 -6.0000 -41.1006
v 116.7467 -6.0000 -35.4147
v 118.3438 -6.0000 -29.6436
v 119.6558 -6.0000 -23.8010
v 120.6795 -6.0000 -17.9011
v 121.4125 -6.0000 -11.9581
v 121.8530 -6.0000 -5.9863
v 145.0000 -6.0000 0.0000
v 144.8253 -6.0000 7.1148
v 144.3018 -6.0000 14.2125
v 143.4306 -6.0000 21.2759
v 142.2139 -6.0000 28.2881
v 140.6545 -6.0000 35.2321
v 138.7563 -6.0000 42.0913
v 136.5239 -6.0000 48.8490
v 133.9625 -6.0000 55.4891
v 131.0784 -6.0000 61.9955
v 127.8786 -6.0000 68.3525
v 124.3706 -6.0000 74.5449
v 120.5631 -6.0000 80.5577
v 116.4651 -6.0000 86.3764
v 112.0865 -6.0000 91.9870
v 107.4379 -6.0000 97.3760
v 102.5305 -6.0000 102.5305
v 97.3760 -6.0000 107.4379
v 91.9870 -6.0000 112.0865
v 86.3764 -6.0000 116.4651
v 80.5577 -6.0000 120.5631
v 74.5449 -6.0000 124.3706
v 68.3525 -6.0000 127.8786
v 61.9955 -6.0000 131.0784
v 55.4891 -6.0000 133.9625
v 48.8490 -6.0000 136.5239
v 42.0913 -6.0000 138.7563
v 35.2321 -6.0000 140.6545
v 28.2881 -6.0000 142.2139
v 21.2759 -6.0000 143.4306
v 14.2125 -6.0000 144.3018
v 7.1148 -6.0000 144.8253
v 0.0000 -6.0000 145.0000
v -7.1148 -6.0000 144.8253
v -14.2125 -6.0000 144.3018
v -21.2759 -6.0000 143.4306
v -28.2881 -6.0000 142.2139
v -35.2321 -6.0000 140.6545
v -42.0913 -6.0000 138.7563
v -48.8490 -6.0000 136.5239
v -55.4891 -6.0000 133.9625
v -61.9955 -6.0000 131.0784
v -68.3525 -6.0000 127.8786
v -74.5449 -6.0000 124.3706
v -80.5577 -6.0000 120.5631
v -86.3764 -6.0000 116.4651
v -91.9870 -6.0000 112.0865
v -97.3760 -6.0000 107.4379
v -102.5305 -6.0000 102.5305
v -107.4379 -6.0000 97.3760
v -112.0865 -6.0000 91.9870
v -116.4651 -6.0000 86.3764
v -120.5631 -6.0000 80.5577
v -124.3706 -6.0000 74.5449
v -127.8786 -6.0000 68.3525
v -131.0784 -6.0000 61.9955
v -133.9625 -6.0000 55.4891
v -136.5239 -6.0000 48.8490
v -138.7563 -6.0000 42.0913
v -140.6545 -6.0000 35.2321
v -142.2139 -6.0000 28.2881
v -143.4306 -6.0000 21.2759
v -144.3018 -6.0000 14.2125
v -144.8253 -6.0000 7.1148
v -145.0000 -6.0000 0.0000
v -144.8253 -6.0000 -7.1148
v -144.3018 -6.0000 -14.2125
v -143.4306 -6.0000 -21.2759
v -142.2139 -6.0000 -28.2881
v -140.6545 -6.0000 -35.2321
v -138.7563 -6.0000 -42.0913
v -136.5239 -6.0000 -48.8490
v -133.9625 -6.0000 -55.4891
v -131.0784 -6.0000 -61.9955
v -127.8786 -6.0000 -68.3525
v -124.3706 -6.0000 -74.5449
v -120.5631 -6.0000 -80.5577
v -116.4651 -6.0000 -86.3764
v -112.0865 -6.0000 -91.9870
v -107.4379 -6.0000 -97.3760
v -102.5305 -6.0000 -102.5305
v -97.3760 -6.0000 -107.4379
v -91.9870 -6.0000 -112.0865
v -86.3764 -6.0000 -116.4651
v -80.5577 -6.0000 -120.5631
v -74.5449 -6.0000 -124.3706
v -68.3525 -6.0000 -127.8786
v -61.9955 -6.0000 -131.0784
v -55.4891 -6.0000 -133.9625
v -48.8490 -6.0000 -136.5239
v -42.0913 -6.0000 -138.7563
v -35.2321 -6.0000 -140.6545
v -28.2881 -6.0000 -142.2139
v -21.2759 -6.0000 -143.4306
v -14.2125 -6.0000 -144.3018
v -7.1148 -6.0000 -144.8253
v -0.0000 -6.0000 -145.0000
v 7.1148 -6.0000 -144.8253
v 14.2125 -6.0000 -144.3018
v 21.2759 -6.0000 -143.4306
v 28.2881 -6.0000 -142.2139
v 35.2321 -6.0000 -140.6545
v 42.0913 -6.0000 -138.7563
v 48.8490 -6.0000 -136.5239
v 55.4891 -6.0000 -133.9625
v 61.9955 -6.0000 -131.0784
v 68.3525 -6.0000 -127.8786
v 74.5449 -6.0000 -124.3706
v 80.5577 -6.0000 -120.5631
v 86.3764 -6.0000 -116.4651
v 91.9870 -6.0000 -112.0865
v 97.3760 -6.0000 -107.4379
v 102.5305 -6.0000 -102.5305
v 107.4379 -6.0000 -97.3760
v 112.0865 -6.0000 -91.9870
v 116.4651 -6.0000 -86.3764
v 120.5631 -6.0000 -80.5577
v 124.3706 -6.0000 -74.5449
v 127.8786 -6.0000 -68.3525
v 131.0784 -6.0000 -61.9955
v 133.9625 -6.0000 -55.4891
v 136.5239 -6.0000 -48.8490
v 138.7563 -6.0000 -42.0913
v 140.6545 -6.0000 -35.2321
v 142.2139 -6.0000 -28.2881
v 143.4306 -6.0000 -21.2759
v 144.3018 -6.0000 -14.2125
v 144.8253 -6.0000 -7.1148
vt 30.5000 0.0000
vt 30.4633 1.4966
vt 30.3531 2.9895
vt 30.1699 4.4753
vt 29.9140 5.9503
vt 29.5860 7.4109
vt 29.1867 8.8537
vt 28.7171 10.2751
vt 28.1783 11.6718
vt 27.5717 13.0404
vt 26.8986 14.3776
vt 26.1607 15.6801
vt 25.3598 16.9449
vt 24.4978 18.1688
vt 23.5768 19.3490
vt 22.5990 20.4825
vt 21.5668 21.5668
vt 20.4825 22.5990
vt 19.3490 23.5768
vt 18.1688 24.4978
vt 16.9449 25.3598
vt 15.6801 26.1607
vt 14.3776 26.8986
vt 13.0404 27.5717
vt 11.6718 28.1783
vt 10.2751 28.7171
vt 8.8537 29.1867
vt 7.4109 29.5860
vt 5.9503 29.9140
vt 4.4753 30.1699
vt 2.9895 30.3531
vt 1.4966 30.4633
vt 0.0000 30.5000
vt -1.4966 30.4633
vt -2.9895 30.3531
vt -4.4753 30.1699
vt -5.9503 29.9140
vt -7.4109 29.5860
vt -8.8537 29.1867
vt -10.2751 28.7171
vt -11.6718 28.1783
vt -13.0404 27.5717
vt -14.3776 26.8986
vt -15.6801 26.1607
vt -16.9449 25.3598
vt -18.1688 24.4978
vt -19.3490 23.5768
vt -20.4825 22.5990
vt -21.5668 21.5668
vt -22.5990 20.4825
vt -23.5768 19.3490
vt -24.4978 18.1688
vt -25.3598 16.9449
vt -26.1607 15.6801
vt -26.8986 14.3776
vt -27.5717 13.0404
vt -28.1783 11.6718
vt -28.7171 10.2751
vt -29.1867 8.8537
vt -29.5860 7.4109
vt -29.9140 5.9503
vt -30.1699 4.4753
vt -30.3531 2.9895
vt -30.4633 1.4966
vt -30.5000 0.0000
vt -30.4633 -1.4966
vt -30.3531 -2.9895
vt -30.1699 -4.4753
vt -29.9140 -5.9503
vt -29.5860 -7.4109
vt -29.1867 -8.8537
vt -28.7171 -10.2751
vt -28.1783 -11.6718
vt -27.5717 -13.0404
vt -26.8986 -14.3776
vt -26.1607 -15.6801
vt -25.3598 -16.9449
vt -24.4978 -18.1688
vt -23.5768 -19.3490
vt -22.5990 -20.4825
vt -21.5668 -21.5668
vt -20.4825 -22.5990
vt -19.3490 -23.5768
vt -18.1688 -24.4978
vt -16.9449 -25.3598
vt -15.6801 -26.1607
vt -14.3776 -26.8986
vt -13.0404 -27.5717
vt -11.6718 -28.1783
vt -10.2751 -28.7171
vt -8.8537 -29.1867
vt -7.4109 -29.5860
vt -5.9503 -29.9140
vt -4.4753 -30.1699
vt -2.9895 -30.3531
vt -1.4966 -30.4633
vt -0.0000 -30.5000
vt 1.4966 -30.4633
vt 2.9895 -30.3531
vt 4.4753 -30.1699
vt 5.9503 -29.9140
vt 7.4109 -29.5860
vt 8.8537 -29.1867
vt 10.2751 -28.7171
vt 11.6718 -28.1783
vt 13.0404 -27.5717
vt 14.3776 -26.8986
vt 15.6801 -26.1607
vt 16.9449 -25.3598
vt 18.1688 -24.4978
vt 19.3490 -23.5768
vt 20.4825 -22.5990
vt 21.5668 -21.5668
vt 22.5990 -20.4825
vt 23.5768 -19.3490
vt 24.4978 -18.1688
vt 25.3598 -16.9449
vt 26.1607 -15.6801
vt 26.8986 -14.3776
vt 27.5717 -13.0404
vt 28.1783 -11.6718
vt 28.7171 -10.2751
vt 29.1867 -8.8537
vt 29.5860 -7.4109
vt 29.9140 -5.9503
vt 30.1699 -4.4753
vt 30.3531 -2.9895
vt 30.4633 -1.4966
vt 34.2500 0.0000
vt 34.2087 1.6806
vt 34.0851 3.3571
vt 33.8793 5.0255
vt 33.5919 6.6818
vt 33.2236 8.3221
vt 32.7752 9.9423
vt 32.2479 11.5385
vt 31.6429 13.1069
vt 30.9616 14.6438
vt 30.2058 16.1453
vt 29.3772 17.6080
vt 28.4778 19.0283
vt 27.5099 20.4027
vt 26.4756 21.7280
vt 25.3776 23.0009
vt 24.2184 24.2184
vt 23.0009 25.3776
vt 21.7280 26.4756
vt 20.4027 27.5099
vt 19.0283 28.4778
vt 17.6080 29.3772
vt 16.1453 30.2058
vt 14.6438 30.9616
vt 13.1069 31.6429
vt 11.5385 32.2479
vt 9.9423 32.7752
vt 8.3221 33.2236
vt 6.6818 33.5919
vt 5.0255 33.8793
vt 3.3571 34.0851
vt 1.6806 34.2087
vt 0.0000 34.2500
vt -1.6806 34.2087
vt -3.3571 34.0851
vt -5.0255 33.8793
vt -6.6818 33.5919
vt -8.3221 33.2236
vt -9.9423 32.7752
vt -11.5385 32.2479
vt -13.1069 31.6429
vt -14.6438 30.9616
vt -16.1453 30.2058
vt -17.6080 29.3772
vt -19.0283 28.4778
vt -20.4027 27.5099
vt -21.7280 26.4756
vt -23.0009 25.3776
vt -24.2184 24.2184
vt -25.3776 23.0009
vt -26.4756 21.7280
vt -27.5099 20.4027
vt -28.4778 19.0283
vt -29.3772 17.6080
vt -30.2058 16.1453
vt -30.9616 14.6438
vt -31.6429 13.1069
vt -32.2479 11.5385
vt -32.7752 9.9423
vt -33.2236 8.3221
vt -33.5919 6.6818
vt -33.8793 5.0255
vt -34.0851 3.3571
vt -34.2087 1.6806
vt -34.2500 0.0000
vt -34.2087 -1.6806
vt -34.0851 -3.3571
vt -33.8793 -5.0255
vt -33.5919 -6.6818
vt -33.2236 -8.3221
vt -32.7752 -9.9423
vt -32.2479 -11.5385
vt -31.6429 -13.1069
vt -30.9616 -14.6438
vt -30.2058 -16.1453
vt -29.3772 -17.6080
vt -28.4778 -19.0283
vt -27.5099 -20.4027
vt -26.4756 -21.7280
vt -25.3776 -23.0009
vt -24.2184 -24.2184
vt -23.0009 -25.3776
vt -21.7280 -26.4756
vt -20.4027 -27.5099
vt -19.0283 -28.4778
vt -17.6080 -29.3772
vt -16.1453 -30.2058
vt -14.6438 -30.9616
vt -13.1069 -31.6429
vt -11.5385 -32.2479
vt -9.9423 -32.7752
vt -8.3221 -33.2236
vt -6.6818 -33.5919
vt -5.0255 -33.8793
vt -3.3571 -34.0851
vt -1.6806 -34.2087
vt -0.0000 -34.2500
vt 1.6806 -34.2087
vt 3.3571 -34.0851
vt 5.0255 -33.8793
vt 6.6818 -33.5919
vt 8.3221 -33.2236
vt 9.9423 -32.7752
vt 11.5385 -32.2479
vt 13.1069 -31.6429
vt 14.6438 -30.9616
vt 16.1453 -30.2058
vt 17.6080 -29.3772
vt 19.0283 -28.4778
vt 20.4027 -27.5099
vt 21.7280 -26.4756
vt 23.0009 -25.3776
vt 24.2184 -24.2184
vt 25.3776 -23.0009
vt 26.4756 -21.7280
vt 27.5099 -20.4027
vt 28.4778 -19.0283
vt 29.3772 -17.6080
vt 30.2058 -16.1453
vt 30.9616 -14.6438
vt 31.6429 -13.1069
vt 32.2479 -11.5385
vt 32.7752 -9.9423
vt 33.2236 -8.3221
vt 33.5919 -6.6818
vt 33.8793 -5.0255
vt 34.0851 -3.3571
vt 34.2087 -1.6806
vt 36.2500 0.0000
vt 36.2063 1.7787
vt 36.0754 3.5531
vt 35.8576 5.3190
vt 35.5535 7.0720
vt 35.1636 8.8080
vt 34.6891 10.5228
vt 34.1310 12.2123
vt 33.4906 13.8723
vt 32.7696 15.4989
vt 31.9696 17.0881
vt 31.0927 18.6362
vt 30.1408 20.1394
vt 29.1163 21.5941
vt 28.0216 22.9968
vt 26.8595 24.3440
vt 25.6326 25.6326
vt 24.3440 26.8595
vt 22.9968 28.0216
vt 21.5941 29.1163
vt 20.1394 30.1408
vt 18.6362 31.0927
vt 17.0881 31.9696
vt 15.4989 32.7696
vt 13.8723 33.4906
vt 12.2123 34.1310
vt 10.5228 34.6891
vt 8.8080 35.1636
vt 7.0720 35.5535
vt 5.3190 35.8576
vt 3.5531 36.0754
vt 1.7787 36.2063
vt 0.0000 36.2500
vt -1.7787 36.2063
vt -3.5531 36.0754
vt -5.3190 35.8576
vt -7.0720 35.5535
vt -8.8080 35.1636
vt -10.5228 34.6891
vt -12.2123 34.1310
vt -13.8723 33.4906
vt -15.4989 32.7696
vt -17.0881 31.9696
vt -18.6362 31.0927
vt -20.1394 30.1408
vt -21.5941 29.1163
vt -22.9968 28.0216
vt -24.3440 26.8595
vt -25.6326 25.6326
vt -26.8595 24.3440
vt -28.0216 22.9968
vt -29.1163 21.5941
vt -30.1408 20.1394
vt -31.0927 18.6362
vt -31.9696 17.0881
vt -32.7696 15.4989
vt -33.4906 13.8723
vt -34.1310 12.2123
vt -34.6891 10.5228
vt -35.1636 8.8080
vt -35.5535 7.0720
vt -35.8576 5.3190
vt -36.0754 3.5531
vt -36.2063 1.7787
vt -36.2500 0.0000
vt -36.2063 -1.7787
vt -36.0754 -3.5531
vt -35.8576 -5.3190
vt -35.5535 -7.0720
vt -35.1636 -8.8080
vt -34.6891 -10.5228
vt -34.1310 -12.2123
vt -33.4906 -13.8723
vt -32.7696 -15.4989
vt -31.9696 -17.0881
vt -31.0927 -18.6362
vt -30.1408 -20.1394
vt -29.1163 -21.5941
vt -28.0216 -22.9968
vt -26.8595 -24.3440
vt -25.6326 -25.6326
vt -24.3440 -26.8595
vt -22.9968 -28.0216
vt -21.5941 -29.1163
vt -20.1394 -30.1408
vt -18.6362 -31.0927
vt -17.0881 -31.9696
vt -15.4989 -32.7696
vt -13.8723 -33.4906
vt -12.2123 -34.1310
vt -10.5228 -34.6891
vt -8.8080 -35.1636
vt -7.0720 -35.5535
vt -5.3190 -35.8576
vt -3.5531 -36.0754
vt -1.7787 -36.2063
vt -0.0000 -36.2500
vt 1.7787 -36.2063
vt 3.5531 -36.0754
vt 5.3190 -35.8576
vt 7.0720 -35.5535
vt 8.8080 -35.1636
vt 10.5228 -34.6891
vt 12.2123 -34.1310
vt 13.8723 -33.4906
vt 15.4989 -32.7696
vt 17.0881 -31.9696
vt 18.6362 -31.0927
vt 20.1394 -30.1408
vt 21.5941 -29.1163
vt 22.9968 -28.0216
vt 24.3440 -26.8595
vt 25.6326 -25.6326
vt 26.8595 -24.3440
vt 28.0216 -22.9968
vt 29.1163 -21.5941
vt 30.1408 -20.1394
vt 31.0927 -18.6362
vt 31.9696 -17.0881
vt 32.7696 -15.4989
vt 33.4906 -13.8723
vt 34.1310 -12.2123
vt 34.6891 -10.5228
vt 35.1636 -8.8080
vt 35.5535 -7.0720
vt 35.8576 -5.3190
vt 36.0754 -3.5531
vt 36.2063 -1.7787
vt 43.7500 0.0000
vt 43.6973 2.1467
vt 43.5393 4.2882
vt 43.2765 6.4195
vt 42.9094 8.5352
vt 42.4389 10.6304
vt 41.8661 12.7000
vt 41.1926 14.7389
vt 40.4197 16.7424
vt 39.5495 18.7055
vt 38.5841 20.6236
vt 37.5256 22.4920
vt 36.3768 24.3062
vt 35.1403 26.0618
vt 33.8192 27.7547
vt 32.4166 29.3807
vt 30.9359 30.9359
vt 29.3807 32.4166
vt 27.7547 33.8192
vt 26.0618 35.1403
vt 24.3062 36.3768
vt 22.4920 37.5256
vt 20.6236 38.5841
vt 18.7055 39.5495
vt 16.7424 40.4197
vt 14.7389 41.1926
vt 12.7000 41.8661
vt 10.6304 42.4389
vt 8.5352 42.9094
vt 6.4195 43.2765
vt 4.2882 43.5393
vt 2.1467 43.6973
vt 0.0000 43.7500
vt -2.1467 43.6973
vt -4.2882 43.5393
vt -6.4195 43.2765
vt -8.5352 42.9094
vt -10.6304 42.4389
vt -12.7000 41.8661
vt -14.7389 41.1926
vt -16.7424 40.4197
vt -18.7055 39.5495
vt -20.6236 38.5841
vt -22.4920 37.5256
vt -24.3062 36.3768
vt -26.0618 35.1403
vt -27.7547 33.8192
vt -29.3807 32.4166
vt -30.9359 30.9359
vt -32.4166 29.3807
vt -33.8192 27.7547
vt -35.1403 26.0618
vt -36.3768 24.3062
vt -37.5256 22.4920
vt -38.5841 20.6236
vt -39.5495 18.7055
vt -40.4197 16.7424
vt -41.1926 14.7389
vt -41.8661 12.7000
vt -42.4389 10.6304
vt -42.9094 8.5352
vt -43.2765 6.4195
vt -43.5393 4.2882
vt -43.6973 2.1467
vt -43.7500 0.0000
vt -43.6973 -2.1467
vt -43.5393 -4.2882
vt -43.2765 -6.4195
vt -42.9094 -8.5352
vt -42.4389 -10.6304
vt -41.8661 -12.7000
vt -41.1926 -14.7389
vt -40.4197 -16.7424
vt -39.5495 -18.7055
vt -38.5841 -20.6236
vt -37.5256 -22.4920
vt -36.3768 -24.3062
vt -35.1403 -26.0618
vt -33.8192 -27.7547
vt -32.4166 -29.3807
vt -30.9359 -30.9359
vt -29.3807 -32.4166
vt -27.7547 -33.8192
vt -26.0618 -35.1403
vt -24.3062 -36.3768
vt -22.4920 -37.5256
vt -20.6236 -38.5841
vt -18.7055 -39.5495
vt -16.7424 -40.4197
vt -14.7389 -41.1926
vt -12.7000 -41.8661
vt -10.6304 -42.4389
vt -8.5352 -42.9094
vt -6.4195 -43.2765
vt -4.2882 -43.5393
vt -2.1467 -43.6973
vt -0.0000 -43.7500
vt 2.1467 -43.6973
vt 4.2882 -43.5393
vt 6.4195 -43.2765
vt 8.5352 -42.9094
vt 10.6304 -42.4389
vt 12.7000 -41.8661
vt 14.7389 -41.1926
vt 16.7424 -40.4197
vt 18.7055 -39.5495
vt 20.6236 -38.5841
vt 22.4920 -37.5256
vt 24.3062 -36.3768
vt 26.0618 -35.1403
vt 27.7547 -33.8192
vt 29.3807 -32.4166
vt 30.9359 -30.9359
vt 32.4166 -29.3807
vt 33.8192 -27.7547
vt 35.1403 -26.0618
vt 36.3768 -24.3062
vt 37.5256 -22.4920
vt 38.5841 -20.6236
vt 39.5495 -18.7055
vt 40.4197 -16.7424
vt 41.1926 -14.7389
vt 41.8661 -12.7000
vt 42.4389 -10.6304
vt 42.9094 -8.5352
vt 43.2765 -6.4195
vt 43.5393 -4.2882
vt 43.6973 -2.1467
vt 57.5000 0.0000
vt 57.4307 2.8214
vt 57.2231 5.6360
vt 56.8776 8.4370
vt 56.3952 11.2177
vt 55.7768 13.9714
vt 55.0241 16.6914
vt 54.1388 19.3712
vt 53.1231 22.0043
vt 51.9794 24.5844
vt 50.7105 27.1053
vt 49.3194 29.5609
vt 47.8095 31.9453
vt 46.1844 34.2527
vt 44.4481 36.4776
vt 42.6047 38.6146
vt 40.6586 40.6586
vt 38.6146 42.6047
vt 36.4776 44.4481
vt 34.2527 46.1844
vt 31.9453 47.8095
vt 29.5609 49.3194
vt 27.1053 50.7105
vt 24.5844 51.9794
vt 22.0043 53.1231
vt 19.3712 54.1388
vt 16.6914 55.0241
vt 13.9714 55.7768
vt 11.2177 56.3952
vt 8.4370 56.8776
vt 5.6360 57.2231
vt 2.8214 57.4307
vt 0.0000 57.5000
vt -2.8214 57.4307
vt -5.6360 57.2231
vt -8.4370 56.8776
vt -11.2177 56.3952
vt -13.9714 55.7768
vt -16.6914 55.0241
vt -19.3712 54.1388
vt -22.0043 53.1231
vt -24.5844 51.9794
vt -27.1053 50.7105
vt -29.5609 49.3194
vt -31.9453 47.8095
vt -34.2527 46.1844
vt -36.4776 44.4481
vt -38.6146 42.6047
vt -40.6586 40.6586
vt -42.6047 38.6146
vt -44.4481 36.4776
vt -46.1844 34.2527
vt -47.8095 31.9453
vt -49.3194 29.5609
vt -50.7105 27.1053
vt -51.9794 24.5844
vt -53.1231 22.0043
vt -54.1388 19.3712
vt -55.0241 16.6914
vt -55.7768 13.9714
vt -56.3952 11.2177
vt -56.8776 8.4370
vt -57.2231 5.6360
vt -57.4307 2.8214
vt -57.5000 0.0000
vt -57.4307 -2.8214
vt -57.2231 -5.6360
vt -56.8776 -8.4370
vt -56.3952 -11.2177
vt -55.7768 -13.9714
vt -55.0241 -16.6914
vt -54.1388 -19.3712
vt -53.1231 -22.0043
vt -51.9794 -24.5844
vt -50.7105 -27.1053
vt -49.3194 -29.5609
vt -47.8095 -31.9453
vt -46.1844 -34.2527
vt -44.4481 -36.4776
vt -42.6047 -38.6146
vt -40.6586 -40.6586
vt -38.6146 -42.6047
vt -36.4776 -44.4481
vt -34.2527 -46.1844
vt -31.9453 -47.8095
vt -29.5609 -49.3194
vt -27.1053 -50.7105
vt -24.5844 -51.9794
vt -22.0043 -53.1231
vt -19.3712 -54.1388
vt -16.6914 -55.0241
vt -13.9714 -55.7768
vt -11.2177 -56.3952
vt -8.4370 -56.8776
vt -5.6360 -57.2231
vt -2.8214 -57.4307
vt -0.0000 -57.5000
vt 2.8214 -57.4307
vt 5.6360 -57.2231
vt 8.4370 -56.8776
vt 11.2177 -56.3952
vt 13.9714 -55.7768
vt 16.6914 -55.0241
vt 19.3712 -54.1388
vt 22.0043 -53.1231
vt 24.5844 -51.9794
vt 27.1053 -50.7105
vt 29.5609 -49.3194
vt 31.9453 -47.8095
vt 34.2527 -46.1844
vt 36.4776 -44.4481
vt 38.6146 -42.6047
vt 40.6586 -40.6586
vt 42.6047 -38.6146
vt 44.4481 -36.4776
vt 46.1844 -34.2527
vt 47.8095 -31.9453
vt 49.3194 -29.5609
vt 50.7105 -27.1053
vt 51.9794 -24.5844
vt 53.1231 -22.0043
vt 54.1388 -19.3712
vt 55.0241 -16.6914
vt 55.7768 -13.9714
vt 56.3952 -11.2177
vt 56.8776 -8.4370
vt 57.2231 -5.6360
vt 57.4307 -2.8214
vt 80.0000 0.0000
vt 79.9036 3.9254
vt 79.6148 7.8414
vt 79.1341 11.7384
vt 78.4628 15.6072
vt 77.6025 19.4384
vt 76.5552 23.2228
vt 75.3235 26.9512
vt 73.9104 30.6147
vt 72.3191 34.2044
vt 70.5537 37.7117
vt 68.6183 41.1282
vt 66.5176 44.4456
vt 64.2566 47.6559
vt 61.8408 50.7515
vt 59.2761 53.7247
vt 56.5685 56.5685
vt 53.7247 59.2761
vt 50.7515 61.8408
vt 47.6559 64.2566
vt 44.4456 66.5176
vt 41.1282 68.6183
vt 37.7117 70.5537
vt 34.2044 72.3191
vt 30.6147 73.9104
vt 26.9512 75.3235
vt 23.2228 76.5552
vt 19.4384 77.6025
vt 15.6072 78.4628
vt 11.7384 79.1341
vt 7.8414 79.6148
vt 3.9254 79.9036
vt 0.0000 80.0000
vt -3.9254 79.9036
vt -7.8414 79.6148
vt -11.7384 79.1341
vt -15.6072 78.4628
vt -19.4384 77.6025
vt -23.2228 76.5552
vt -26.9512 75.3235
vt -30.6147 73.9104
vt -34.2044 72.3191
vt -37.7117 70.5537
vt -41.1282 68.6183
vt -44.4456 66.5176
vt -47.6559 64.2566
vt -50.7515 61.8408
vt -53.7247 59.2761
vt -56.5685 56.5685
vt -59.2761 53.7247
vt -61.8408 50.7515
vt -64.2566 47.6559
vt -66.5176 44.4456
vt -68.6183 41.1282
vt -70.5537 37.7117
vt -72.3191 34.2044
vt -73.9104 30.6147
vt -75.3235 26.9512
vt -76.5552 23.2228
vt -77.6025 19.4384
vt -78.4628 15.6072
vt -79.1341 11.7384
vt -79.6148 7.8414
vt -79.9036 3.9254
vt -80.0000 0.0000
vt -79.9036 -3.9254
vt -79.6148 -7.8414
vt -79.1341 -11.7384
vt -78.4628 -15.6072
vt -77.6025 -19.4384
vt -76.5552 -23.2228
vt -75.3235 -26.9512
vt -73.9104 -30.6147
vt -72.3191 -34.2044
vt -70.5537 -37.7117
vt -68.6183 -41.1282
vt -66.5176 -44.4456
vt -64.2566 -47.6559
vt -61.8408 -50.7515
vt -59.2761 -53.7247
vt -56.5685 -56.5685
vt -53.7247 -59.2761
vt -50.7515 -61.8408
vt -47.6559 -64.2566
vt -44.4456 -66.5176
vt -41.1282 -68.6183
vt -37.7117 -70.5537
vt -34.2044 -72.3191
vt -30.6147 -73.9104
vt -26.9512 -75.3235
vt -23.2228 -76.5552
vt -19.4384 -77.6025
vt -15.6072 -78.4628
vt -11.7384 -79.1341
vt -7.8414 -79.6148
vt -3.9254 -79.9036
vt -0.0000 -80.0000
vt 3.9254 -79.9036
vt 7.8414 -79.6148
vt 11.7384 -79.1341
vt 15.6072 -78.4628
vt 19.4384 -77.6025
vt 23.2228 -76.5552
vt 26.9512 -75.3235
vt 30.6147 -73.9104
vt 34.2044 -72.3191
vt 37.7117 -70.5537
vt 41.1282 -68.6183
vt 44.4456 -66.5176
vt 47.6559 -64.2566
vt 50.7515 -61.8408
vt 53.7247 -59.2761
vt 56.5685 -56.5685
vt 59.2761 -53.7247
vt 61.8408 -50.7515
vt 64.2566 -47.6559
vt 66.5176 -44.4456
vt 68.6183 -41.1282
vt 70.5537 -37.7117
vt 72.3191 -34.2044
vt 73.9104 -30.6147
vt 75.3235 -26.9512
vt 76.5552 -23.2228
vt 77.6025 -19.4384
vt 78.4628 -15.6072
vt 79.1341 -11.7384
vt 79.6148 -7.8414
vt 79.9036 -3.9254
vt 112.5000 0.0000
vt 112.3645 5.5201
vt 111.9583 11.0269
vt 111.2824 16.5072
vt 110.3383 21.9477
vt 109.1285 27.3353
vt 107.6558 32.6570
vt 105.9237 37.9001
vt 103.9364 43.0519
vt 101.6988 48.0999
vt 99.2161 53.0321
vt 96.4945 57.8366
vt 93.5403 62.5017
vt 90.3608 67.0162
vt 86.9637 71.3692
vt 83.3570 75.5504
vt 79.5495 79.5495
vt 75.5504 83.3570
vt 71.3692 86.9637
vt 67.0162 90.3608
vt 62.5017 93.5403
vt 57.8366 96.4945
vt 53.0321 99.2161
vt 48.0999 101.6988
vt 43.0519 103.9364
vt 37.9001 105.9237
vt 32.6570 107.6558
vt 27.3353 109.1285
vt 21.9477 110.3383
vt 16.5072 111.2824
vt 11.0269 111.9583
vt 5.5201 112.3645
vt 0.0000 112.5000
vt -5.5201 112.3645
vt -11.0269 111.9583
vt -16.5072 111.2824
vt -21.9477 110.3383
vt -27.3353 109.1285
vt -32.6570 107.6558
vt -37.9001 105.9237
vt -43.0519 103.9364
vt -48.0999 101.6988
vt -53.0321 99.2161
vt -57.8366 96.4945
vt -62.5017 93.5403
vt -67.0162 90.3608
vt -71.3692 86.9637
vt -75.5504 83.3570
vt -79.5495 79.5495
vt -83.3570 75.5504
vt -86.9637 71.3692
vt -90.3608 67.0162
vt -93.5403 62.5017
vt -96.4945 57.8366
vt -99.2161 53.0321
vt -101.6988 48.0999
vt -103.9364 43.0519
vt -105.9237 37.9001
vt -107.6558 32.6570
vt -109.1285 27.3353
vt -110.3383 21.9477
vt -111.2824 16.5072
vt -111.9583 11.0269
vt -112.3645 5.5201
vt -112.5000 0.0000
vt -112.3645 -5.5201
vt -111.9583 -11.0269
vt -111.2824 -16.5072
vt -110.3383 -21.9477
vt -109.1285 -27.3353
vt -107.6558 -32.6570
vt -105.9237 -37.9001
vt -103.9364 -43.0519
vt -101.6988 -48.0999
vt -99.2161 -53.0321
vt -96.4945 -57.8366
vt -93.5403 -62.5017
vt -90.3608 -67.0162
vt -86.9637 -71.3692
vt -83.3570 -75.5504
vt -79.5495 -79.5495
vt -75.5504 -83.3570
vt -71.3692 -86.9637
vt -67.0162 -90.3608
vt -62.5017 -93.5403
vt -57.8366 -96.4945
vt -53.0321 -99.2161
vt -48.0999 -101.6988
vt -43.0519 -103.9364
vt -37.9001 -105.9237
vt -32.6570 -107.6558
vt -27.3353 -109.1285
vt -21.9477 -110.3383
vt -16.5072 -111.2824
vt -11.0269 -111.9583
vt -5.5201 -112.3645
vt -0.0000 -112.5000
vt 5.5201 -112.3645
vt 11.0269 -111.9583
vt 16.5072 -111.2824
vt 21.9477 -110.3383
vt 27.3353 -109.1285
vt 32.6570 -107.6558
vt 37.9001 -105.9237
vt 43.0519 -103.9364
vt 48.0999 -101.6988
vt 53.0321 -99.2161
vt 57.8366 -96.4945
vt 62.5017 -93.5403
vt 67.0162 -90.3608
vt 71.3692 -86.9637
vt 75.5504 -83.3570
vt 79.5495 -79.5495
vt 83.3570 -75.5504
vt 86.9637 -71.3692
vt 90.3608 -67.0162
vt 93.5403 -62.5017
vt 96.4945 -57.8366
vt 99.2161 -53.0321
vt 101.6988 -48.0999
vt 103.9364 -43.0519
vt 105.9237 -37.9001
vt 107.6558 -32.6570
vt 109.1285 -27.3353
vt 110.3383 -21.9477
vt 111.2824 -16.5072
vt 111.9583 -11.0269
vt 112.3645 -5.5201
vt 130.0000 130.0000
vt 0.0000 130.0000
vt -130.0000 130.0000
vt -130.0000 0.0000
vt -130.0000 -130.0000
vt 0.0000 -130.0000
vt 130.0000 -130.0000
vt 130.0000 0.0000
vt 30.5000 0.0000
vt 30.4633 1.4966
vt 30.3531 2.9895
vt 30.1699 4.4753
vt 29.9140 5.9503
vt 29.5860 7.4109
vt 29.1867 8.8537
vt 28.7171 10.2751
vt 28.1783 11.6718
vt 27.5717 13.0404
vt 26.8986 14.3776
vt 26.1607 15.6801
vt 25.3598 16.9449
vt 24.4978 18.1688
vt 23.5768 19.3490
vt 22.5990 20.4825
vt 21.5668 21.5668
vt 20.4825 22.5990
vt 19.3490 23.5768
vt 18.1688 24.4978
vt 16.9449 25.3598
vt 15.6801 26.1607
vt 14.3776 26.8986
vt 13.0404 27.5717
vt 11.6718 28.1783
vt 10.2751 28.7171
vt 8.8537 29.1867
vt 7.4109 29.5860
vt 5.9503 29.9140
vt 4.4753 30.1699
vt 2.9895 30.3531
vt 1.4966 30.4633
vt 0.0000 30.5000
vt -1.4966 30.4633
vt -2.9895 30.3531
vt -4.4753 30.1699
vt -5.9503 29.9140
vt -7.4109 29.5860
vt -8.8537 29.1867
vt -10.2751 28.7171
vt -11.6718 28.1783
vt -13.0404 27.5717
vt -14.3776 26.8986
vt -15.6801 26.1607
vt -16.9449 25.3598
vt -18.1688 24.4978
vt -19.3490 23.5768
vt -20.4825 22.5990
vt -21.5668 21.5668
vt -22.5990 20.4825
vt -23.5768 19.3490
vt -24.4978 18.1688
vt -25.3598 16.9449
vt -26.1607 15.6801
vt -26.8986 14.3776
vt -27.5717 13.0404
vt -28.1783 11.6718
vt -28.7171 10.2751
vt -29.1867 8.8537
vt -29.5860 7.4109
vt -29.9140 5.9503
vt -30.1699 4.4753
vt -30.3531 2.9895
vt -30.4633 1.4966
vt -30.5000 0.0000
vt -30.4633 -1.4966
vt -30.3531 -2.9895
vt -30.1699 -4.4753
vt -29.9140 -5.9503
vt -29.5860 -7.4109
vt -29.1867 -8.8537
vt -28.7171 -10.2751
vt -28.1783 -11.6718
vt -27.5717 -13.0404
vt -26.8986 -14.3776
vt -26.1607 -15.6801
vt -25.3598 -16.9449
vt -24.4978 -18.1688
vt -23.5768 -19.3490
vt -22.5990 -20.4825
vt -21.5668 -21.5668
vt -20.4825 -22.5990
vt -19.3490 -23.5768
vt -18.1688 -24.4978
vt -16.9449 -25.3598
vt -15.6801 -26.1607
vt -14.3776 -26.8986
vt -13.0404 -27.5717
vt -11.6718 -28.1783
vt -10.2751 -28.7171
vt -8.8537 -29.1867
vt -7.4109 -29.5860
vt -5.9503 -29.9140
vt -4.4753 -30.1699
vt -2.9895 -30.3531
vt -1.4966 -30.4633
vt -0.0000 -30.5000
vt 1.4966 -30.4633
vt 2.9895 -30.3531
vt 4.4753 -30.1699
vt 5.9503 -29.9140
vt 7.4109 -29.5860
vt 8.8537 -29.1867
vt 10.2751 -28.7171
vt 11.6718 -28.1783
vt 13.0404 -27.5717
vt 14.3776 -26.8986
vt 15.6801 -26.1607
vt 16.9449 -25.3598
vt 18.1688 -24.4978
vt 19.3490 -23.5768
vt 20.4825 -22.5990
vt 21.5668 -21.5668
vt 22.5990 -20.4825
vt 23.5768 -19.3490
vt 24.4978 -18.1688
vt 25.3598 -16.9449
vt 26.1607 -15.6801
vt 26.8986 -14.3776
vt 27.5717 -13.0404
vt 28.1783 -11.6718
vt 28.7171 -10.2751
vt 29.1867 -8.8537
vt 29.5860 -7.4109
vt 29.9140 -5.9503
vt 30.1699 -4.4753
vt 30.3531 -2.9895
vt 30.4633 -1.4966
vt 36.2500 0.0000
vt 36.2063 1.7787
vt 36.0754 3.5531
vt 35.8576 5.3190
vt 35.5535 7.0720
vt 35.1636 8.8080
vt 34.6891 10.5228
vt 34.1310 12.2123
vt 33.4906 13.8723
vt 32.7696 15.4989
vt 31.9696 17.0881
vt 31.0927 18.6362
vt 30.1408 20.1394
vt 29.1163 21.5941
vt 28.0216 22.9968
vt 26.8595 24.3440
vt 25.6326 25.6326
vt 24.3440 26.8595
vt 22.9968 28.0216
vt 21.5941 29.1163
vt 20.1394 30.1408
vt 18.6362 31.0927
vt 17.0881 31.9696
vt 15.4989 32.7696
vt 13.8723 33.4906
vt 12.2123 34.1310
vt 10.5228 34.6891
vt 8.8080 35.1636
vt 7.0720 35.5535
vt 5.3190 35.8576
vt 3.5531 36.0754
vt 1.7787 36.2063
vt 0.0000 36.2500
vt -1.7787 36.2063
vt -3.5531 36.0754
vt -5.3190 35.8576
vt -7.0720 35.5535
vt -8.8080 35.1636
vt -10.5228 34.6891
vt -12.2123 34.1310
vt -13.8723 33.4906
vt -15.4989 32.7696
vt -17.0881 31.9696
vt -18.6362 31.0927
vt -20.1394 30.1408
vt -21.5941 29.1163
vt -22.9968 28.0216
vt -24.3440 26.8595
vt -25.6326 25.6326
vt -26.8595 24.3440
vt -28.0216 22.9968
vt -29.1163 21.5941
vt -30.1408 20.1394
vt -31.0927 18.6362
vt -31.9696 17.0881
vt -32.7696 15.4989
vt -33.4906 13.8723
vt -34.1310 12.2123
vt -34.6891 10.5228
vt -35.1636 8.8080
vt -35.5535 7.0720
vt -35.8576 5.3190
vt -36.0754 3.5531
vt -36.2063 1.7787
vt -36.2500 0.0000
vt -36.2063 -1.7787
vt -36.0754 -3.5531
vt -35.8576 -5.3190
vt -35.5535 -7.0720
vt -35.1636 -8.8080
vt -34.6891 -10.5228
vt -34.1310 -12.2123
vt -33.4906 -13.8723
vt -32.7696 -15.4989
vt -31.9696 -17.0881
vt -31.0927 -18.6362
vt -30.1408 -20.1394
vt -29.1163 -21.5941
vt -28.0216 -22.9968
vt -26.8595 -24.3440
vt -25.6326 -25.6326
vt -24.3440 -26.8595
vt -22.9968 -28.0216
vt -21.5941 -29.1163
vt -20.1394 -30.1408
vt -18.6362 -31.0927
vt -17.0881 -31.9696
vt -15.4989 -32.7696
vt -13.8723 -33.4906
vt -12.2123 -34.1310
vt -10.5228 -34.6891
vt -8.8080 -35.1636
vt -7.0720 -35.5535
vt -5.3190 -35.8576
vt -3.5531 -36.0754
vt -1.7787 -36.2063
vt -0.0000 -36.2500
vt 1.7787 -36.2063
vt 3.5531 -36.0754
vt 5.3190 -35.8576
vt 7.0720 -35.5535
vt 8.8080 -35.1636
vt 10.5228 -34.6891
vt 12.2123 -34.1310
vt 13.8723 -33.4906
vt 15.4989 -32.7696
vt 17.0881 -31.9696
vt 18.6362 -31.0927
vt 20.1394 -30.1408
vt 21.5941 -29.1163
vt 22.9968 -28.0216
vt 24.3440 -26.8595
vt 25.6326 -25.6326
vt 26.8595 -24.3440
vt 28.0216 -22.9968
vt 29.1163 -21.5941
vt 30.1408 -20.1394
vt 31.0927 -18.6362
vt 31.9696 -17.0881
vt 32.7696 -15.4989
vt 33.4906 -13.8723
vt 34.1310 -12.2123
vt 34.6891 -10.5228
vt 35.1636 -8.8080
vt 35.5535 -7.0720
vt 35.8576 -5.3190
vt 36.0754 -3.5531
vt 36.2063 -1.7787
vn 0.0000 1.0000 0.0000
vn 0.0000 1.0000 0.0000
vn 0.0000 1.0000 0.0000
vn 0.0000 1.0000 0.0000
vn 0.0000 1.0000 0.0000
vn 0.0000 1.0000 0.0000
vn 0.0000 1.0000 0.0000
vn 0.0000 1.0000 0.0000
vn 0.0000 1.0000 0.0000
vn 0.0000 1.0000 0.0000
vn 0.0000 1.0000 0.0000
vn 0.0000 1.0000 0.0000
vn 0.0000 1.0000 0.0000
vn 0.0000 1.0000 0.0000
vn 0.0000 1.0000 0.0000
vn 0.0000 1.0000 0.0000
vn 0.0000 1.0000 0.0000
vn 0.0000 1.0000 0.0000
vn 0.0000 1.0000 0.0000
vn 0.0000 1.0000 0.0000
vn 0.0000 1.0000 0.0000
vn 0.0000 1.0000 0.0000
vn 0.0000 1.0000 0.0000
vn 0.0000 1.0000 0.0000
vn 0.0000 1.0000 0.0000
vn 0.0000 1.0000 0.0000
vn 0.0000 1.0000 0.0000
vn 0.0000 1.0000 0.0000
vn 0.0000 1.0000 0.0000
vn 0.0000 1.0000 0.0000
vn 0.0000 1.0000 0.0000
vn 0.0000 1.0000 0.0000
vn 0.0000 1.0000 0.0000
vn 0.0000 1.0000 0.0000
vn 0.0000 1.0000 0.0000
vn 0.0000 1.0000 0.0000
vn 0.0000 1.0000 0.0000
vn 0.0000 1.0000 0.0000
vn 0.0000 1.0000 0.0000
vn 0.0000 1.0000 0.0000
vn 0.0000 1.0000 0.0000
vn 0.0000 1.0000 0.0000
vn 0.0000 1.0000 0.0000
vn 0.0000 1.0000 0.0000
vn 0.0000 1.0000 0.0000
vn 0.0000 1.0000 0.0000
vn 0.0000 1.0000 0.0000
vn 0.0000 1.0000 0.0000
vn 0.0000 1.0000 0.0000
vn 0.0000 1.0000 0.0000
vn 0.0000 1.0000 0.0000
vn 0.0000 1.0000 0.0000
vn 0.0000 1.0000 0.0000
vn 0.0000 1.0000 0.0000
vn 0.0000 1.0000 0.0000
vn 0.0000 1.0000 0.0000
vn 0.0000 1.0000 0.0000
vn 0.0000 1.0000 0.0000
vn 0.0000 1.0000 0.0000
vn 0.0000 1.0000 0.0000
vn 0.0000 1.0000 0.0000
vn 0.0000 1.0000 0.0000
vn 0.0000 1.0000 0.0000
vn 0.0000 1.0000 0.0000
vn 0.0000 1.0000 0.0000
vn 0.0000 1.0000 0.0000
vn 0.0000 1.0000 0.0000
vn 0.0000 1.0000 0.0000
vn 0.0000 1.0000 0.0000
vn 0.0000 1.0000 0.0000
vn 0.0000 1.0000 0.0000
vn 0.0000 1.0000 0.0000
vn 0.0000 1.0000 0.0000
vn 0.0000 1.0000 0.0000
vn 0.0000 1.0000 0.0000
vn 0.0000 1.0000 0.0000
vn 0.0000 1.0000 0.0000
vn 0.0000 1.0000 0.0000
vn 0.0000 1.0000 0.0000
vn 0.0000 1.0000 0.0000
vn 0.0000 1.0000 0.0000
vn 0.0000 1.0000 0.0000
vn 0.0000 1.0000 0.0000
vn 0.0000 1.0000 0.0000
vn 0.0000 1.0000 0.0000
vn 0.0000 1.0000 0.0000
vn 0.0000 1.0000 0.0000
vn 0.0000 1.0000 0.0000
vn 0.0000 1.0000 0.0000
vn 0.0000 1.0000 0.0000
vn 0.0000 1.0000 0.0000
vn 0.0000 1.0000 0.0000
vn 0.0000 1.0000 0.0000
vn 0.0000 1.0000 0.0000
vn 0.0000 1.0000 0.0000
vn 0.0000 1.0000 0.0000
vn 0.0000 1.0000 0.0000
vn 0.0000 1.0000 0.0000
vn 0.0000 1.0000 0.0000
vn 0.0000 1.0000 0.0000
vn 0.0000 1.0000 0.0000
vn 0.0000 1.0000 0.0000
vn 0.0000 1.0000 0.0000
vn 0.0000 1.0000 0.0000
vn 0.0000 1.0000 0.0000
vn 0.0000 1.0000 0.0000
vn 0.0000 1.0000 0.0000
vn 0.0000 1.0000 0.0000
vn 0.0000 1.0000 0.0000
vn 0.0000 1.0000 0.0000
vn 0.0000 1.0000 0.0000
vn 0.0000 1.0000 0.0000
vn 0.0000 1.0000 0.0000
vn 0.0000 1.0000 0.0000
vn 0.0000 1.0000 0.0000
vn 0.0000 1.0000 0.0000
vn 0.0000 1.0000 0.0000
vn 0.0000 1.0000 0.0000
vn 0.0000 1.0000 0.0000
vn 0.0000 1.0000 0.0000
vn 0.0000 1.0000 0.0000
vn 0.0000 1.0000 0.0000
vn 0.0000 1.0000 0.0000
vn 0.0000 1.0000 0.0000
vn 0.0000 1.0000 0.0000
vn 0.0000 1.0000 0.0000
vn 0.0000 1.0000 0.0000
vn 0.0000 1.0000 0.0000
vn 0.0000 1.0000 0.0000
vn 0.0000 1.0000 0.0000
vn 0.0000 1.0000 0.0000
vn 0.0000 1.0000 0.0000
vn 0.0000 1.0000 0.0000
vn 0.0000 1.0000 0.0000
vn 0.0000 1.0000 0.0000
vn 0.0000 1.0000 0.0000
vn 0.0000 1.0000 0.0000
vn 0.0000 1.0000 0.0000
vn 0.0000 1.0000 0.0000
vn 0.0000 1.0000 0.0000
vn 0.0000 1.0000 0.0000
vn 0.0000 1.0000 0.0000
vn 0.0000 1.0000 0.0000
vn 0.0000 1.0000 0.0000
vn 0.0000 1.0000 0.0000
vn 0.0000 1.0000 0.0000
vn 0.0000 1.0000 0.0000
vn 0.0000 1.0000 0.0000
vn 0.0000 1.0000 0.0000
vn 0.0000 1.0000 0.0000
vn 0.0000 1.0000 0.0000
vn 0.0000 1.0000 0.0000
vn 0.0000 1.0000 0.0000
vn 0.0000 1.0000 0.0000
vn 0.0000 1.0000 0.0000
vn 0.0000 1.0000 0.0000
vn 0.0000 1.0000 0.0000
vn 0.0000 1.0000 0.0000
vn 0.0000 1.0000 0.0000
vn 0.0000 1.0000 0.0000
vn 0.0000 1.0000 0.0000
vn 0.0000 1.0000 0.0000
vn 0.0000 1.0000 0.0000
vn 0.0000 1.0000 0.0000
vn 0.0000 1.0000 0.0000
vn 0.0000 1.0000 0.0000
vn 0.0000 1.0000 0.0000
vn 0.0000 1.0000 0.0000
vn 0.0000 1.0000 0.0000
vn 0.0000 1.0000 0.0000
vn 0.0000 1.0000 0.0000
vn 0.0000 1.0000 0.0000
vn 0.0000 1.0000 0.0000
vn 0.0000 1.0000 0.0000
vn 0.0000 1.0000 0.0000
vn 0.0000 1.0000 0.0000
vn 0.0000 1.0000 0.0000
vn 0.0000 1.0000 0.0000
vn 0.0000 1.0000 0.0000
vn 0.0000 1.0000 0.0000
vn 0.0000 1.0000 0.0000
vn 0.0000 1.0000 0.0000
vn 0.0000 1.0000 0.0000
vn 0.0000 1.0000 0.0000
vn 0.0000 1.0000 0.0000
vn 0.0000 1.0000 0.0000
vn 0.0000 1.0000 0.0000
vn 0.0000 1.0000 0.0000
vn 0.0000 1.0000 0.0000
vn 0.0000 1.0000 0.0000
vn 0.0000 1.0000 0.0000
vn 0.0000 1.0000 0.0000
vn 0.0000 1.0000 0.0000
vn 0.0000 1.0000 0.0000
vn 0.0000 1.0000 0.0000
vn 0.0000 1.0000 0.0000
vn 0.0000 1.0000 0.0000
vn 0.0000 1.0000 0.0000
vn 0.0000 1.0000 0.0000
vn 0.0000 1.0000 0.0000
vn 0.0000 1.0000 0.0000
vn 0.0000 1.0000 0.0000
vn 0.0000 1.0000 0.0000
vn 0.0000 1.0000 0.0000
vn 0.0000 1.0000 0.0000
vn 0.0000 1.0000 0.0000
vn 0.0000 1.0000 0.0000
vn 0.0000 1.0000 0.0000
vn 0.0000 1.0000 0.0000
vn 0.0000 1.0000 0.0000
vn 0.0000 1.0000 0.0000
vn 0.0000 1.0000 0.0000
vn 0.0000 1.0000 0.0000
vn 0.0000 1.0000 0.0000
vn 0.0000 1.0000 0.0000
vn 0.0000 1.0000 0.0000
vn 0.0000 1.0000 0.0000
vn 0.0000 1.0000 0.0000
vn 0.0000 1.0000 0.0000
vn 0.0000 1.0000 0.0000
vn 0.0000 1.0000 0.0000
vn 0.0000 1.0000 0.0000
vn 0.0000 1.0000 0.0000
vn 0.0000 1.0000 0.0000
vn 0.0000 1.0000 0.0000
vn 0.0000 1.0000 0.0000
vn 0.0000 1.0000 0.0000
vn 0.0000 1.0000 0.0000
vn 0.0000 1.0000 0.0000
vn 0.0000 1.0000 0.0000
vn 0.0000 1.0000 0.0000
vn 0.0000 1.0000 0.0000
vn 0.0000 1.0000 0.0000
vn 0.0000 1.0000 0.0000
vn 0.0000 1.0000 0.0000
vn 0.0000 1.0000 0.0000
vn 0.0000 1.0000 0.0000
vn 0.0000 1.0000 0.0000
vn 0.0000 1.0000 0.0000
vn 0.0000 1.0000 0.0000
vn 0.0000 1.0000 0.0000
vn 0.0000 1.0000 0.0000
vn 0.0000 1.0000 0.0000
vn 0.0000 1.0000 0.0000
vn 0.0000 1.0000 0.0000
vn 0.0000 1.0000 0.0000
vn 0.0000 1.0000 0.0000
vn 0.0000 1.0000 0.0000
vn 0.0000 1.0000 0.0000
vn 0.0000 1.0000 0.0000
vn 0.0000 1.0000 0.0000
vn 0.0000 1.0000 0.0000
vn 0.0000 1.0000 0.0000
vn 0.0000 1.0000 0.0000
vn 0.0000 1.0000 0.0000
vn 0.0000 1.0000 0.0000
vn 0.0000 1.0000 0.0000
vn 0.0000 1.0000 0.0000
vn 0.0000 1.0000 0.0000
vn 0.0000 1.0000 0.0000
vn 0.0000 1.0000 0.0000
vn 0.0000 1.0000 0.0000
vn 0.0000 1.0000 0.0000
vn 0.0000 1.0000 0.0000
vn 0.0000 1.0000 0.0000
vn 0.0000 1.0000 0.0000
vn 0.0000 1.0000 0.0000
vn 0.0000 1.0000 0.0000
vn 0.0000 1.0000 0.0000
vn 0.0000 1.0000 0.0000
vn 0.0000 1.0000 0.0000
vn 0.0000 1.0000 0.0000
vn 0.0000 1.0000 0.0000
vn 0.0000 1.0000 0.0000
vn 0.0000 1.0000 0.0000
vn 0.0000 1.0000 0.0000
vn 0.0000 1.0000 0.0000
vn 0.0000 1.0000 0.0000
vn 0.0000 1.0000 0.0000
vn 0.0000 1.0000 0.0000
vn 0.0000 1.0000 0.0000
vn 0.0000 1.0000 0.0000
vn 0.0000 1.0000 0.0000
vn 0.0000 1.0000 0.0000
vn 0.0000 1.0000 0.0000
vn 0.0000 1.0000 0.0000
vn 0.0000 1.0000 0.0000
vn 0.0000 1.0000 0.0000
vn 0.0000 1.0000 0.0000
vn 0.0000 1.0000 0.0000
vn 0.0000 1.0000 0.0000
vn 0.0000 1.0000 0.0000
vn 0.0000 1.0000 0.0000
vn 0.0000 1.0000 0.0000
vn 0.0000 1.0000 0.0000
vn 0.0000 1.0000 0.0000
vn 0.0000 1.0000 0.0000
vn 0.0000 1.0000 0.0000
vn 0.0000 1.0000 0.0000
vn 0.0000 1.0000 0.0000
vn 0.0000 1.0000 0.0000
vn 0.0000 1.0000 0.0000
vn 0.0000 1.0000 0.0000
vn 0.0000 1.0000 0.0000
vn 0.0000 1.0000 0.0000
vn 0.0000 1.0000 0.0000
vn 0.0000 1.0000 0.0000
vn 0.0000 1.0000 0.0000
vn 0.0000 1.0000 0.0000
vn 0.0000 1.0000 0.0000
vn 0.0000 1.0000 0.0000
vn 0.0000 1.0000 0.0000
vn 0.0000 1.0000 0.0000
vn 0.0000 1.0000 0.0000
vn 0.0000 1.0000 0.0000
vn 0.0000 1.0000 0.0000
vn 0.0000 1.0000 0.0000
vn 0.0000 1.0000 0.0000
vn 0.0000 1.0000 0.0000
vn 0.0000 1.0000 0.0000
vn 0.0000 1.0000 0.0000
vn 0.0000 1.0000 0.0000
vn 0.0000 1.0000 0.0000
vn 0.0000 1.0000 0.0000
vn 0.0000 1.0000 0.0000
vn 0.0000 1.0000 0.0000
vn 0.0000 1.0000 0.0000
vn 0.0000 1.0000 0.0000
vn 0.0000 1.0000 0.0000
vn 0.0000 1.0000 0.0000
vn 0.0000 1.0000 0.0000
vn 0.0000 1.0000 0.0000
vn 0.0000 1.0000 0.0000
vn 0.0000 1.0000 0.0000
vn 0.0000 1.0000 0.0000
vn 0.0000 1.0000 0.0000
vn 0.0000 1.0000 0.0000
vn 0.0000 1.0000 0.0000
vn 0.0000 1.0000 0.0000
vn 0.0000 1.0000 0.0000
vn 0.0000 1.0000 0.0000
vn 0.0000 1.0000 0.0000
vn 0.0000 1.0000 0.0000
vn 0.0000 1.0000 0.0000
vn 0.0000 1.0000 0.0000
vn 0.0000 1.0000 0.0000
vn 0.0000 1.0000 0.0000
vn 0.0000 1.0000 0.0000
vn 0.0000 1.0000 0.0000
vn 0.0000 1.0000 0.0000
vn 0.0000 1.0000 0.0000
vn 0.0000 1.0000 0.0000
vn 0.0000 1.0000 0.0000
vn 0.0000 1.0000 0.0000
vn 0.0000 1.0000 0.0000
vn 0.0000 1.0000 0.0000
vn 0.0000 1.0000 0.0000
vn 0.0000 1.0000 0.0000
vn 0.0000 1.0000 0.0000
vn 0.0000 1.0000 0.0000
vn 0.0000 1.0000 0.0000
vn 0.0000 1.0000 0.0000
vn 0.0000 1.0000 0.0000
vn 0.0000 1.0000 0.0000
vn 0.0000 1.0000 0.0000
vn 0.0000 1.0000 0.0000
vn 0.0000 1.0000 0.0000
vn 0.0000 1.0000 0.0000
vn 0.0000 1.0000 0.0000
vn 0.0000 1.0000 0.0000
vn 0.0000 1.0000 0.0000
vn 0.0000 1.0000 0.0000
vn 0.0000 1.0000 0.0000
vn 0.0000 1.0000 0.0000
vn 0.0000 1.0000 0.0000
vn 0.0000 1.0000 0.0000
vn 0.0000 1.0000 0.0000
vn 0.0000 1.0000 0.0000
vn 0.0000 1.0000 0.0000
vn 0.0000 1.0000 0.0000
vn 0.0000 1.0000 0.0000
vn 0.0000 1.0000 0.0000
vn 0.0000 1.0000 0.0000
vn 0.0000 1.0000 0.0000
vn 0.0000 1.0000 0.0000
vn 0.0000 1.0000 0.0000
vn 0.0000 1.0000 0.0000
vn 0.0000 1.0000 0.0000
vn 0.0000 1.0000 0.0000
vn 0.0000 1.0000 0.0000
vn 0.0000 1.0000 0.0000
vn 0.0000 1.0000 0.0000
vn 0.0000 1.0000 0.0000
vn 0.0000 1.0000 0.0000
vn 0.0000 1.0000 0.0000
vn 0.0000 1.0000 0.0000
vn 0.0000 1.0000 0.0000
vn 0.0000 1.0000 0.0000
vn 0.0000 1.0000 0.0000
vn 0.0000 1.0000 0.0000
vn 0.0000 1.0000 0.0000
vn 0.0000 1.0000 0.0000
vn 0.0000 1.0000 0.0000
vn 0.0000 1.0000 0.0000
vn 0.0000 1.0000 0.0000
vn 0.0000 1.0000 0.0000
vn 0.0000 1.0000 0.0000
vn 0.0000 1.0000 0.0000
vn 0.0000 1.0000 0.0000
vn 0.0000 1.0000 0.0000
vn 0.0000 1.0000 0.0000
vn 0.0000 1.0000 0.0000
vn 0.0000 1.0000 0.0000
vn 0.0000 1.0000 0.0000
vn 0.0000 1.0000 0.0000
vn 0.0000 1.0000 0.0000
vn 0.0000 1.0000 0.0000
vn 0.0000 1.0000 0.0000
vn 0.0000 1.0000 0.0000
vn 0.0000 1.0000 0.0000
vn 0.0000 1.0000 0.0000
vn 0.0000 1.0000 0.0000
vn 0.0000 1.0000 0.0000
vn 0.0000 1.0000 0.0000
vn 0.0000 1.0000 0.0000
vn 0.0000 1.0000 0.0000
vn 0.0000 1.0000 0.0000
vn 0.0000 1.0000 0.0000
vn 0.0000 1.0000 0.0000
vn 0.0000 1.0000 0.0000
vn 0.0000 1.0000 0.0000
vn 0.0000 1.0000 0.0000
vn 0.0000 1.0000 0.0000
vn 0.0000 1.0000 0.0000
vn 0.0000 1.0000 0.0000
vn 0.0000 1.0000 0.0000
vn 0.0000 1.0000 0.0000
vn 0.0000 1.0000 0.0000
vn 0.0000 1.0000 0.0000
vn 0.0000 1.0000 0.0000
vn 0.0000 1.0000 0.0000
vn 0.0000 1.0000 0.0000
vn 0.0000 1.0000 0.0000
vn 0.0000 1.0000 0.0000
vn 0.0000 1.0000 0.0000
vn 0.0000 1.0000 0.0000
vn 0.0000 1.0000 0.0000
vn 0.0000 1.0000 0.0000
vn 0.0000 1.0000 0.0000
vn 0.0000 1.0000 0.0000
vn 0.0000 1.0000 0.0000
vn 0.0000 1.0000 0.0000
vn 0.0000 1.0000 0.0000
vn 0.0000 1.0000 0.0000
vn 0.0000 1.0000 0.0000
vn 0.0000 1.0000 0.0000
vn 0.0000 1.0000 0.0000
vn 0.0000 1.0000 0.0000
vn 0.0000 1.0000 0.0000
vn 0.0000 1.0000 0.0000
vn 0.0000 1.0000 0.0000
vn 0.0000 1.0000 0.0000
vn 0.0000 1.0000 0.0000
vn 0.0000 1.0000 0.0000
vn 0.0000 1.0000 0.0000
vn 0.0000 1.0000 0.0000
vn 0.0000 1.0000 0.0000
vn 0.0000 1.0000 0.0000
vn 0.0000 1.0000 0.0000
vn 0.0000 1.0000 0.0000
vn 0.0000 1.0000 0.0000
vn 0.0000 1.0000 0.0000
vn 0.0000 1.0000 0.0000
vn 0.0000 1.0000 0.0000
vn 0.0000 1.0000 0.0000
vn 0.0000 1.0000 0.0000
vn 0.0000 1.0000 0.0000
vn 0.0000 1.0000 0.0000
vn 0.0000 1.0000 0.0000
vn 0.0000 1.0000 0.0000
vn 0.0000 1.0000 0.0000
vn 0.0000 1.0000 0.0000
vn 0.0000 1.0000 0.0000
vn 0.0000 1.0000 0.0000
vn 0.0000 1.0000 0.0000
vn 0.0000 1.0000 0.0000
vn 0.0000 1.0000 0.0000
vn 0.0000 1.0000 0.0000
vn 0.0000 1.0000 0.0000
vn 0.0000 1.0000 0.0000
vn 0.0000 1.0000 0.0000
vn 0.0000 1.0000 0.0000
vn 0.0000 1.0000 0.0000
vn 0.0000 1.0000 0.0000
vn 0.0000 1.0000 0.0000
vn 0.0000 1.0000 0.0000
vn 0.0000 1.0000 0.0000
vn 0.0000 1.0000 0.0000
vn 0.0000 1.0000 0.0000
vn 0.0000 1.0000 0.0000
vn 0.0000 1.0000 0.0000
vn 0.0000 1.0000 0.0000
vn 0.0000 1.0000 0.0000
vn 0.0000 1.0000 0.0000
vn 0.0000 1.0000 0.0000
vn 0.0000 1.0000 0.0000
vn 0.0000 1.0000 0.0000
vn 0.0000 1.0000 0.0000
vn 0.0000 1.0000 0.0000
vn 0.0000 1.0000 0.0000
vn 0.0000 1.0000 0.0000
vn 0.0000 1.0000 0.0000
vn 0.0000 1.0000 0.0000
vn 0.0000 1.0000 0.0000
vn 0.0000 1.0000 0.0000
vn 0.0000 1.0000 0.0000
vn 0.0000 1.0000 0.0000
vn 0.0000 1.0000 0.0000
vn 0.0000 1.0000 0.0000
vn 0.0000 1.0000 0.0000
vn 0.0000 1.0000 0.0000
vn 0.0000 1.0000 0.0000
vn 0.0000 1.0000 0.0000
vn 0.0000 1.0000 0.0000
vn 0.0000 1.0000 0.0000
vn 0.0000 1.0000 0.0000
vn 0.0000 1.0000 0.0000
vn 0.0000 1.0000 0.0000
vn 0.0000 1.0000 0.0000
vn 0.0000 1.0000 0.0000
vn 0.0000 1.0000 0.0000
vn 0.0000 1.0000 0.0000
vn 0.0000 1.0000 0.0000
vn 0.0000 1.0000 0.0000
vn 0.0000 1.0000 0.0000
vn 0.0000 1.0000 0.0000
vn 0.0000 1.0000 0.0000
vn 0.0000 1.0000 0.0000
vn 0.0000 1.0000 0.0000
vn 0.0000 1.0000 0.0000
vn 0.0000 1.0000 0.0000
vn 0.0000 1.0000 0.0000
vn 0.0000 1.0000 0.0000
vn 0.0000 1.0000 0.0000
vn 0.0000 1.0000 0.0000
vn 0.0000 1.0000 0.0000
vn 0.0000 1.0000 0.0000
vn 0.0000 1.0000 0.0000
vn 0.0000 1.0000 0.0000
vn 0.0000 1.0000 0.0000
vn 0.0000 1.0000 0.0000
vn 0.0000 1.0000 0.0000
vn 0.0000 1.0000 0.0000
vn 0.0000 1.0000 0.0000
vn 0.0000 1.0000 0.0000
vn 0.0000 1.0000 0.0000
vn 0.0000 1.0000 0.0000
vn 0.0000 1.0000 0.0000
vn 0.0000 1.0000 0.0000
vn 0.0000 1.0000 0.0000
vn 0.0000 1.0000 0.0000
vn 0.0000 1.0000 0.0000
vn 0.0000 1.0000 0.0000
vn 0.0000 1.0000 0.0000
vn 0.0000 1.0000 0.0000
vn 0.0000 1.0000 0.0000
vn 0.0000 1.0000 0.0000
vn 0.0000 1.0000 0.0000
vn 0.0000 1.0000 0.0000
vn 0.0000 1.0000 0.0000
vn 0.0000 1.0000 0.0000
vn 0.0000 1.0000 0.0000
vn 0.0000 1.0000 0.0000
vn 0.0000 1.0000 0.0000
vn 0.0000 1.0000 0.0000
vn 0.0000 1.0000 0.0000
vn 0.0000 1.0000 0.0000
vn 0.0000 1.0000 0.0000
vn 0.0000 1.0000 0.0000
vn 0.0000 1.0000 0.0000
vn 0.0000 1.0000 0.0000
vn 0.0000 1.0000 0.0000
vn 0.0000 1.0000 0.0000
vn 0.0000 1.0000 0.0000
vn 0.0000 1.0000 0.0000
vn 0.0000 1.0000 0.0000
vn 0.0000 1.0000 0.0000
vn 0.0000 1.0000 0.0000
vn 0.0000 1.0000 0.0000
vn 0.0000 1.0000 0.0000
vn 0.0000 1.0000 0.0000
vn 0.0000 1.0000 0.0000
vn 0.0000 1.0000 0.0000
vn 0.0000 1.0000 0.0000
vn 0.0000 1.0000 0.0000
vn 0.0000 1.0000 0.0000
vn 0.0000 1.0000 0.0000
vn 0.0000 1.0000 0.0000
vn 0.0000 1.0000 0.0000
vn 0.0000 1.0000 0.0000
vn 0.0000 1.0000 0.0000
vn 0.0000 1.0000 0.0000
vn 0.0000 1.0000 0.0000
vn 0.0000 1.0000 0.0000
vn 0.0000 1.0000 0.0000
vn 0.0000 1.0000 0.0000
vn 0.0000 1.0000 0.0000
vn 0.0000 1.0000 0.0000
vn 0.0000 1.0000 0.0000
vn 0.0000 1.0000 0.0000
vn 0.0000 1.0000 0.0000
vn 0.0000 1.0000 0.0000
vn 0.0000 1.0000 0.0000
vn 0.0000 1.0000 0.0000
vn 0.0000 1.0000 0.0000
vn 0.0000 1.0000 0.0000
vn 0.0000 1.0000 0.0000
vn 0.0000 1.0000 0.0000
vn 0.0000 1.0000 0.0000
vn 0.0000 1.0000 0.0000
vn 0.0000 1.0000 0.0000
vn 0.0000 1.0000 0.0000
vn 0.0000 1.0000 0.0000
vn 0.0000 1.0000 0.0000
vn 0.0000 1.0000 0.0000
vn 0.0000 1.0000 0.0000
vn 0.0000 1.0000 0.0000
vn 0.0000 1.0000 0.0000
vn 0.0000 1.0000 0.0000
vn 0.0000 1.0000 0.0000
vn 0.0000 1.0000 0.0000
vn 0.0000 1.0000 0.0000
vn 0.0000 1.0000 0.0000
vn 0.0000 1.0000 0.0000
vn 0.0000 1.0000 0.0000
vn 0.0000 1.0000 0.0000
vn 0.0000 1.0000 0.0000
vn 0.0000 1.0000 0.0000
vn 0.0000 1.0000 0.0000
vn 0.0000 1.0000 0.0000
vn 0.0000 1.0000 0.0000
vn 0.0000 1.0000 0.0000
vn 0.0000 1.0000 0.0000
vn 0.0000 1.0000 0.0000
vn 0.0000 1.0000 0.0000
vn 0.0000 1.0000 0.0000
vn 0.0000 1.0000 0.0000
vn 0.0000 1.0000 0.0000
vn 0.0000 1.0000 0.0000
vn 0.0000 1.0000 0.0000
vn 0.0000 1.0000 0.0000
vn 0.0000 1.0000 0.0000
vn 0.0000 1.0000 0.0000
vn 0.0000 1.0000 0.0000
vn 0.0000 1.0000 0.0000
vn 0.0000 1.0000 0.0000
vn 0.0000 1.0000 0.0000
vn 0.0000 1.0000 0.0000
vn 0.0000 1.0000 0.0000
vn 0.0000 1.0000 0.0000
vn 0.0000 1.0000 0.0000
vn 0.0000 1.0000 0.0000
vn 0.0000 1.0000 0.0000
vn 0.0000 1.0000 0.0000
vn 0.0000 1.0000 0.0000
vn 0.0000 1.0000 0.0000
vn 0.0000 1.0000 0.0000
vn 0.0000 1.0000 0.0000
vn 0.0000 1.0000 0.0000
vn 0.0000 1.0000 0.0000
vn 0.0000 1.0000 0.0000
vn 0.0000 1.0000 0.0000
vn 0.0000 1.0000 0.0000
vn 0.0000 1.0000 0.0000
vn 0.0000 1.0000 0.0000
vn 0.0000 1.0000 0.0000
vn 0.0000 1.0000 0.0000
vn 0.0000 1.0000 0.0000
vn 0.0000 1.0000 0.0000
vn 0.0000 1.0000 0.0000
vn 0.0000 1.0000 0.0000
vn 0.0000 1.0000 0.0000
vn 0.0000 1.0000 0.0000
vn 0.0000 1.0000 0.0000
vn 0.0000 1.0000 0.0000
vn 0.0000 1.0000 0.0000
vn 0.0000 1.0000 0.0000
vn 0.0000 1.0000 0.0000
vn 0.0000 1.0000 0.0000
vn 0.0000 1.0000 0.0000
vn 0.0000 1.0000 0.0000
vn 0.0000 1.0000 0.0000
vn 0.0000 1.0000 0.0000
vn 0.0000 1.0000 0.0000
vn 0.0000 1.0000 0.0000
vn 0.0000 1.0000 0.0000
vn 0.0000 1.0000 0.0000
vn 0.0000 1.0000 0.0000
vn 0.0000 1.0000 0.0000
vn 0.0000 1.0000 0.0000
vn 0.0000 1.0000 0.0000
vn 0.0000 1.0000 0.0000
vn 0.0000 1.0000 0.0000
vn 0.0000 1.0000 0.0000
vn 0.0000 1.0000 0.0000
vn 0.0000 1.0000 0.0000
vn 0.0000 1.0000 0.0000
vn 0.0000 1.0000 0.0000
vn 0.0000 1.0000 0.0000
vn 0.0000 1.0000 0.0000
vn 0.0000 1.0000 0.0000
vn 0.0000 1.0000 0.0000
vn 0.0000 1.0000 0.0000
vn 0.0000 1.0000 0.0000
vn 0.0000 1.0000 0.0000
vn 0.0000 1.0000 0.0000
vn 0.0000 1.0000 0.0000
vn 0.0000 1.0000 0.0000
vn 0.0000 1.0000 0.0000
vn 0.0000 1.0000 0.0000
vn 0.0000 1.0000 0.0000
vn 0.0000 1.0000 0.0000
vn 0.0000 1.0000 0.0000
vn 0.0000 1.0000 0.0000
vn 0.0000 1.0000 0.0000
vn 0.0000 1.0000 0.0000
vn 0.0000 1.0000 0.0000
vn 0.0000 1.0000 0.0000
vn 0.0000 1.0000 0.0000
vn 0.0000 1.0000 0.0000
vn 0.0000 1.0000 0.0000
vn 0.0000 1.0000 0.0000
vn 0.0000 1.0000 0.0000
vn 0.0000 1.0000 0.0000
vn 0.0000 1.0000 0.0000
vn 0.0000 1.0000 0.0000
vn 0.0000 1.0000 0.0000
vn 0.0000 1.0000 0.0000
vn 0.0000 1.0000 0.0000
vn 0.0000 1.0000 0.0000
vn 0.0000 1.0000 0.0000
vn 0.0000 1.0000 0.0000
vn 0.0000 1.0000 0.0000
vn 0.0000 1.0000 0.0000
vn 0.0000 1.0000 0.0000
vn 0.0000 1.0000 0.0000
vn 0.0000 1.0000 0.0000
vn 0.0000 1.0000 0.0000
vn 0.0000 1.0000 0.0000
vn 0.0000 1.0000 0.0000
vn 0.0000 1.0000 0.0000
vn 0.0000 1.0000 0.0000
vn 0.0000 1.0000 0.0000
vn 0.0000 1.0000 0.0000
vn 0.0000 1.0000 0.0000
vn 0.0000 1.0000 0.0000
vn 0.0000 1.0000 0.0000
vn 0.0000 1.0000 0.0000
vn 0.0000 1.0000 0.0000
vn 0.0000 1.0000 0.0000
vn 0.0000 1.0000 0.0000
vn 0.0000 1.0000 0.0000
vn 0.0000 1.0000 0.0000
vn 0.0000 1.0000 0.0000
vn 0.0000 1.0000 0.0000
vn 0.0000 1.0000 0.0000
vn 0.0000 1.0000 0.0000
vn 0.0000 1.0000 0.0000
vn 0.0000 1.0000 0.0000
vn 0.0000 1.0000 0.0000
vn 0.0000 1.0000 0.0000
vn 0.0000 1.0000 0.0000
vn 0.0000 1.0000 0.0000
vn 0.0000 1.0000 0.0000
vn 0.0000 1.0000 0.0000
vn 0.0000 1.0000 0.0000
vn 0.0000 1.0000 0.0000
vn 0.0000 1.0000 0.0000
vn 0.0000 1.0000 0.0000
vn 0.0000 1.0000 0.0000
vn 0.0000 1.0000 0.0000
vn 0.0000 1.0000 0.0000
vn 0.0000 1.0000 0.0000
vn 0.0000 1.0000 0.0000
vn 0.0000 1.0000 0.0000
vn 0.0000 1.0000 0.0000
vn 0.0000 1.0000 0.0000
vn 0.0000 1.0000 0.0000
vn 0.0000 1.0000 0.0000
vn 0.0000 1.0000 0.0000
vn 0.0000 1.0000 0.0000
vn 0.0000 1.0000 0.0000
vn 0.0000 1.0000 0.0000
vn 0.0000 1.0000 0.0000
vn 0.0000 1.0000 0.0000
vn 0.0000 1.0000 0.0000
vn 0.0000 1.0000 0.0000
vn 0.0000 1.0000 0.0000
vn 0.0000 1.0000 0.0000
vn 0.0000 1.0000 0.0000
vn 0.0000 1.0000 0.0000
vn 0.0000 1.0000 0.0000
vn 0.0000 1.0000 0.0000
vn 0.0000 1.0000 0.0000
vn 0.0000 1.0000 0.0000
vn 0.0000 1.0000 0.0000
vn 0.0000 1.0000 0.0000
vn 0.0000 1.0000 0.0000
vn 0.0000 1.0000 0.0000
vn 0.0000 1.0000 0.0000
vn 0.0000 1.0000 0.0000
vn 0.0000 1.0000 0.0000
vn 0.0000 1.0000 0.0000
vn 0.0000 1.0000 0.0000
vn 0.0000 1.0000 0.0000
vn 0.0000 1.0000 0.0000
vn 0.0000 1.0000 0.0000
vn 0.0000 1.0000 0.0000
vn 0.0000 1.0000 0.0000
vn 0.0000 1.0000 0.0000
vn 0.0000 1.0000 0.0000
vn 0.0000 1.0000 0.0000
vn 0.0000 1.0000 0.0000
vn 0.0000 1.0000 0.0000
vn 0.0000 1.0000 0.0000
vn 0.0000 1.0000 0.0000
vn 0.0000 1.0000 0.0000
vn 0.0000 1.0000 0.0000
vn 0.0000 1.0000 0.0000
vn 0.0000 1.0000 0.0000
vn 0.0000 1.0000 0.0000
vn 0.0000 1.0000 0.0000
vn 0.0000 1.0000 0.0000
vn 0.0000 1.0000 0.0000
vn 0.0000 1.0000 0.0000
vn 0.0000 1.0000 0.0000
vn 0.0000 1.0000 0.0000
vn 0.0000 1.0000 0.0000
vn 0.0000 1.0000 0.0000
vn 0.0000 1.0000 0.0000
vn 0.0000 1.0000 0.0000
vn 0.0000 1.0000 0.0000
vn 0.0000 1.0000 0.0000
vn 0.0000 1.0000 0.0000
vn 0.0000 1.0000 0.0000
vn 0.0000 1.0000 0.0000
vn 0.0000 1.0000 0.0000
vn 0.0000 1.0000 0.0000
vn 0.0000 1.0000 0.0000
vn 0.0000 1.0000 0.0000
vn 0.0000 1.0000 0.0000
vn 0.0000 1.0000 0.0000
vn 0.0000 1.0000 0.0000
vn 0.0000 1.0000 0.0000
vn 0.0000 1.0000 0.0000
vn 0.0000 1.0000 0.0000
vn 0.0000 1.0000 0.0000
vn 0.0000 1.0000 0.0000
vn 0.0000 1.0000 0.0000
vn 0.0000 1.0000 0.0000
vn 0.0000 1.0000 0.0000
vn 0.0000 1.0000 0.0000
vn 0.0000 1.0000 0.0000
vn 0.0000 1.0000 0.0000
vn 0.0000 1.0000 0.0000
vn 0.0000 1.0000 0.0000
vn 0.0000 1.0000 0.0000
vn 0.0000 1.0000 0.0000
vn 0.0000 1.0000 0.0000
vn 0.0000 1.0000 0.0000
vn 0.0000 1.0000 0.0000
vn 0.0000 1.0000 0.0000
vn 0.0000 1.0000 0.0000
vn 0.0000 1.0000 0.0000
vn 0.0000 1.0000 0.0000
vn 0.0000 1.0000 0.0000
vn 0.0000 1.0000 0.0000
vn 0.0000 1.0000 0.0000
vn 0.0000 1.0000 0.0000
vn 0.0000 1.0000 0.0000
vn 0.0000 1.0000 0.0000
vn 0.0000 1.0000 0.0000
vn 0.0000 1.0000 0.0000
vn 0.0000 1.0000 0.0000
vn 0.0000 1.0000 0.0000
vn 0.0000 1.0000 0.0000
vn 0.0000 1.0000 0.0000
vn 0.0000 1.0000 0.0000
vn 0.0000 1.0000 0.0000
vn 0.0000 1.0000 0.0000
vn 0.0000 1.0000 0.0000
vn 0.0000 1.0000 0.0000
vn 0.0000 1.0000 0.0000
vn 0.0000 1.0000 0.0000
vn 0.0000 1.0000 0.0000
vn 0.0000 1.0000 0.0000
vn 0.0000 1.0000 0.0000
vn 0.0000 1.0000 0.0000
vn 0.0000 1.0000 0.0000
vn 0.0000 1.0000 0.0000
vn 0.0000 1.0000 0.0000
vn 0.0000 1.0000 0.0000
vn 0.0000 1.0000 0.0000
vn 0.0000 1.0000 0.0000
vn 1.0000 0.0000 0.0000
vn 0.9988 0.0000 0.0491
vn 0.9952 0.0000 0.0980
vn 0.9892 0.0000 0.1467
vn 0.9808 0.0000 0.1951
vn 0.9700 0.0000 0.2430
vn 0.9569 0.0000 0.2903
vn 0.9415 0.0000 0.3369
vn 0.9239 0.0000 0.3827
vn 0.9040 0.0000 0.4276
vn 0.8819 0.0000 0.4714
vn 0.8577 0.0000 0.5141
vn 0.8315 0.0000 0.5556
vn 0.8032 0.0000 0.5957
vn 0.7730 0.0000 0.6344
vn 0.7410 0.0000 0.6716
vn 0.7071 0.0000 0.7071
vn 0.6716 0.0000 0.7410
vn 0.6344 0.0000 0.7730
vn 0.5957 0.0000 0.8032
vn 0.5556 0.0000 0.8315
vn 0.5141 0.0000 0.8577
vn 0.4714 0.0000 0.8819
vn 0.4276 0.0000 0.9040
vn 0.3827 0.0000 0.9239
vn 0.3369 0.0000 0.9415
vn 0.2903 0.0000 0.9569
vn 0.2430 0.0000 0.9700
vn 0.1951 0.0000 0.9808
vn 0.1467 0.0000 0.9892
vn 0.0980 0.0000 0.9952
vn 0.0491 0.0000 0.9988
vn 0.0000 0.0000 1.0000
vn -0.0491 0.0000 0.9988
vn -0.0980 0.0000 0.9952
vn -0.1467 0.0000 0.9892
vn -0.1951 0.0000 0.9808
vn -0.2430 0.0000 0.9700
vn -0.2903 0.0000 0.9569
vn -0.3369 0.0000 0.9415
vn -0.3827 0.0000 0.9239
vn -0.4276 0.0000 0.9040
vn -0.4714 0.0000 0.8819
vn -0.5141 0.0000 0.8577
vn -0.5556 0.0000 0.8315
vn -0.5957 0.0000 0.8032
vn -0.6344 0.0000 0.7730
vn -0.6716 0.0000 0.7410
vn -0.7071 0.0000 0.7071
vn -0.7410 0.0000 0.6716
vn -0.7730 0.0000 0.6344
vn -0.8032 0.0000 0.5957
vn -0.8315 0.0000 0.5556
vn -0.8577 0.0000 0.5141
vn -0.8819 0.0000 0.4714
vn -0.9040 0.0000 0.4276
vn -0.9239 0.0000 0.3827
vn -0.9415 0.0000 0.3369
vn -0.9569 0.0000 0.2903
vn -0.9700 0.0000 0.2430
vn -0.9808 0.0000 0.1951
vn -0.9892 0.0000 0.1467
vn -0.9952 0.0000 0.0980
vn -0.9988 0.0000 0.0491
vn -1.0000 0.0000 0.0000
vn -0.9988 0.0000 -0.0491
vn -0.9952 0.0000 -0.0980
vn -0.9892 0.0000 -0.1467
vn -0.9808 0.0000 -0.1951
vn -0.9700 0.0000 -0.2430
vn -0.9569 0.0000 -0.2903
vn -0.9415 0.0000 -0.3369
vn -0.9239 0.0000 -0.3827
vn -0.9040 0.0000 -0.4276
vn -0.8819 0.0000 -0.4714
vn -0.8577 0.0000 -0.5141
vn -0.8315 0.0000 -0.5556
vn -0.8032 0.0000 -0.5957
vn -0.7730 0.0000 -0.6344
vn -0.7410 0.0000 -0.6716
vn -0.7071 0.0000 -0.7071
vn -0.6716 0.0000 -0.7410
vn -0.6344 0.0000 -0.7730
vn -0.5957 0.0000 -0.8032
vn -0.5556 0.0000 -0.8315
vn -0.5141 0.0000 -0.8577
vn -0.4714 0.0000 -0.8819
vn -0.4276 0.0000 -0.9040
vn -0.3827 0.0000 -0.9239
vn -0.3369 0.0000 -0.9415
vn -0.2903 0.0000 -0.9569
vn -0.2430 0.0000 -0.9700
vn -0.1951 0.0000 -0.9808
vn -0.1467 0.0000 -0.9892
vn -0.0980 0.0000 -0.9952
vn -0.0491 0.0000 -0.9988
vn -0.0000 0.0000 -1.0000
vn 0.0491 0.0000 -0.9988
vn 0.0980 0.0000 -0.9952
vn 0.1467 0.0000 -0.9892
vn 0.1951 0.0000 -0.9808
vn 0.2430 0.0000 -0.9700
vn 0.2903 0.0000 -0.9569
vn 0.3369 0.0000 -0.9415
vn 0.3827 0.0000 -0.9239
vn 0.4276 0.0000 -0.9040
vn 0.4714 0.0000 -0.8819
vn 0.5141 0.0000 -0.8577
vn 0.5556 0.0000 -0.8315
vn 0.5957 0.0000 -0.8032
vn 0.6344 0.0000 -0.7730
vn 0.6716 0.0000 -0.7410
vn 0.7071 0.0000 -0.7071
vn 0.7410 0.0000 -0.6716
vn 0.7730 0.0000 -0.6344
vn 0.8032 0.0000 -0.5957
vn 0.8315 0.0000 -0.5556
vn 0.8577 0.0000 -0.5141
vn 0.8819 0.0000 -0.4714
vn 0.9040 0.0000 -0.4276
vn 0.9239 0.0000 -0.3827
vn 0.9415 0.0000 -0.3369
vn 0.9569 0.0000 -0.2903
vn 0.9700 0.0000 -0.2430
vn 0.9808 0.0000 -0.1951
vn 0.9892 0.0000 -0.1467
vn 0.9952 0.0000 -0.0980
vn 0.9988 0.0000 -0.0491
vn 0.0000 -1.0000 0.0000
vn 0.0000 -1.0000 0.0000
vn 0.0000 -1.0000 0.0000
vn 0.0000 -1.0000 0.0000
vn 0.0000 -1.0000 0.0000
vn 0.0000 -1.0000 0.0000
vn 0.0000 -1.0000 0.0000
vn 0.0000 -1.0000 0.0000
vn 0.0000 -1.0000 0.0000
vn 0.0000 -1.0000 0.0000
vn 0.0000 -1.0000 0.0000
vn 0.0000 -1.0000 0.0000
vn 0.0000 -1.0000 0.0000
vn 0.0000 -1.0000 0.0000
vn 0.0000 -1.0000 0.0000
vn 0.0000 -1.0000 0.0000
vn 0.0000 -1.0000 0.0000
vn 0.0000 -1.0000 0.0000
vn 0.0000 -1.0000 0.0000
vn 0.0000 -1.0000 0.0000
vn 0.0000 -1.0000 0.0000
vn 0.0000 -1.0000 0.0000
vn 0.0000 -1.0000 0.0000
vn 0.0000 -1.0000 0.0000
vn 0.0000 -1.0000 0.0000
vn 0.0000 -1.0000 0.0000
vn 0.0000 -1.0000 0.0000
vn 0.0000 -1.0000 0.0000
vn 0.0000 -1.0000 0.0000
vn 0.0000 -1.0000 0.0000
vn 0.0000 -1.0000 0.0000
vn 0.0000 -1.0000 0.0000
vn 0.0000 -1.0000 0.0000
vn 0.0000 -1.0000 0.0000
vn 0.0000 -1.0000 0.0000
vn 0.0000 -1.0000 0.0000
vn 0.0000 -1.0000 0.0000
vn 0.0000 -1.0000 0.0000
vn 0.0000 -1.0000 0.0000
vn 0.0000 -1.0000 0.0000
vn 0.0000 -1.0000 0.0000
vn 0.0000 -1.0000 0.0000
vn 0.0000 -1.0000 0.0000
vn 0.0000 -1.0000 0.0000
vn 0.0000 -1.0000 0.0000
vn 0.0000 -1.0000 0.0000
vn 0.0000 -1.0000 0.0000
vn 0.0000 -1.0000 0.0000
vn 0.0000 -1.0000 0.0000
vn 0.0000 -1.0000 0.0000
vn 0.0000 -1.0000 0.0000
vn 0.0000 -1.0000 0.0000
vn 0.0000 -1.0000 0.0000
vn 0.0000 -1.0000 0.0000
vn 0.0000 -1.0000 0.0000
vn 0.0000 -1.0000 0.0000
vn 0.0000 -1.0000 0.0000
vn 0.0000 -1.0000 0.0000
vn 0.0000 -1.0000 0.0000
vn 0.0000 -1.0000 0.0000
vn 0.0000 -1.0000 0.0000
vn 0.0000 -1.0000 0.0000
vn 0.0000 -1.0000 0.0000
vn 0.0000 -1.0000 0.0000
vn 0.0000 -1.0000 0.0000
vn 0.0000 -1.0000 0.0000
vn 0.0000 -1.0000 0.0000
vn 0.0000 -1.0000 0.0000
vn 0.0000 -1.0000 0.0000
vn 0.0000 -1.0000 0.0000
vn 0.0000 -1.0000 0.0000
vn 0.0000 -1.0000 0.0000
vn 0.0000 -1.0000 0.0000
vn 0.0000 -1.0000 0.0000
vn 0.0000 -1.0000 0.0000
vn 0.0000 -1.0000 0.0000
vn 0.0000 -1.0000 0.0000
vn 0.0000 -1.0000 0.0000
vn 0.0000 -1.0000 0.0000
vn 0.0000 -1.0000 0.0000
vn 0.0000 -1.0000 0.0000
vn 0.0000 -1.0000 0.0000
vn 0.0000 -1.0000 0.0000
vn 0.0000 -1.0000 0.0000
vn 0.0000 -1.0000 0.0000
vn 0.0000 -1.0000 0.0000
vn 0.0000 -1.0000 0.0000
vn 0.0000 -1.0000 0.0000
vn 0.0000 -1.0000 0.0000
vn 0.0000 -1.0000 0.0000
vn 0.0000 -1.0000 0.0000
vn 0.0000 -1.0000 0.0000
vn 0.0000 -1.0000 0.0000
vn 0.0000 -1.0000 0.0000
vn 0.0000 -1.0000 0.0000
vn 0.0000 -1.0000 0.0000
vn 0.0000 -1.0000 0.0000
vn 0.0000 -1.0000 0.0000
vn 0.0000 -1.0000 0.0000
vn 0.0000 -1.0000 0.0000
vn 0.0000 -1.0000 0.0000
vn 0.0000 -1.0000 0.0000
vn 0.0000 -1.0000 0.0000
vn 0.0000 -1.0000 0.0000
vn 0.0000 -1.0000 0.0000
vn 0.0000 -1.0000 0.0000
vn 0.0000 -1.0000 0.0000
vn 0.0000 -1.0000 0.0000
vn 0.0000 -1.0000 0.0000
vn 0.0000 -1.0000 0.0000
vn 0.0000 -1.0000 0.0000
vn 0.0000 -1.0000 0.0000
vn 0.0000 -1.0000 0.0000
vn 0.0000 -1.0000 0.0000
vn 0.0000 -1.0000 0.0000
vn 0.0000 -1.0000 0.0000
vn 0.0000 -1.0000 0.0000
vn 0.0000 -1.0000 0.0000
vn 0.0000 -1.0000 0.0000
vn 0.0000 -1.0000 0.0000
vn 0.0000 -1.0000 0.0000
vn 0.0000 -1.0000 0.0000
vn 0.0000 -1.0000 0.0000
vn 0.0000 -1.0000 0.0000
vn 0.0000 -1.0000 0.0000
vn 0.0000 -1.0000 0.0000
vn 0.0000 -1.0000 0.0000
vn 0.0000 -1.0000 0.0000
usemtl RomanStoneRoad
s 1
f 1/1/1 2/2/2 130/130/130
f 1/1/1 130/130/130 129/129/129
f 2/2/2 3/3/3 131/131/131
f 2/2/2 131/131/131 130/130/130
f 3/3/3 4/4/4 132/132/132
f 3/3/3 132/132/132 131/131/131
f 4/4/4 5/5/5 133/133/133
f 4/4/4 133/133/133 132/132/132
f 5/5/5 6/6/6 134/134/134
f 5/5/5 134/134/134 133/133/133
f 6/6/6 7/7/7 135/135/135
f 6/6/6 135/135/135 134/134/134
f 7/7/7 8/8/8 136/136/136
f 7/7/7 136/136/136 135/135/135
f 8/8/8 9/9/9 137/137/137
f 8/8/8 137/137/137 136/136/136
f 9/9/9 10/10/10 138/138/138
f 9/9/9 138/138/138 137/137/137
f 10/10/10 11/11/11 139/139/139
f 10/10/10 139/139/139 138/138/138
f 11/11/11 12/12/12 140/140/140
f 11/11/11 140/140/140 139/139/139
f 12/12/12 13/13/13 141/141/141
f 12/12/12 141/141/141 140/140/140
f 13/13/13 14/14/14 142/142/142
f 13/13/13 142/142/142 141/141/141
f 14/14/14 15/15/15 143/143/143
f 14/14/14 143/143/143 142/142/142
f 15/15/15 16/16/16 144/144/144
f 15/15/15 144/144/144 143/143/143
f 16/16/16 17/17/17 145/145/145
f 16/16/16 145/145/145 144/144/144
f 17/17/17 18/18/18 146/146/146
f 17/17/17 146/146/146 145/145/145
f 18/18/18 19/19/19 147/147/147
f 18/18/18 147/147/147 146/146/146
f 19/19/19 20/20/20 148/148/148
f 19/19/19 148/148/148 147/147/147
f 20/20/20 21/21/21 149/149/149
f 20/20/20 149/149/149 148/148/148
f 21/21/21 22/22/22 150/150/150
f 21/21/21 150/150/150 149/149/149
f 22/22/22 23/23/23 151/151/151
f 22/22/22 151/151/151 150/150/150
f 23/23/23 24/24/24 152/152/152
f 23/23/23 152/152/152 151/151/151
f 24/24/24 25/25/25 153/153/153
f 24/24/24 153/153/153 152/152/152
f 25/25/25 26/26/26 154/154/154
f 25/25/25 154/154/154 153/153/153
f 26/26/26 27/27/27 155/155/155
f 26/26/26 155/155/155 154/154/154
f 27/27/27 28/28/28 156/156/156
f 27/27/27 156/156/156 155/155/155
f 28/28/28 29/29/29 157/157/157
f 28/28/28 157/157/157 156/156/156
f 29/29/29 30/30/30 158/158/158
f 29/29/29 158/158/158 157/157/157
f 30/30/30 31/31/31 159/159/159
f 30/30/30 159/159/159 158/158/158
f 31/31/31 32/32/32 160/160/160
f 31/31/31 160/160/160 159/159/159
f 32/32/32 33/33/33 161/161/161
f 32/32/32 161/161/161 160/160/160
f 33/33/33 34/34/34 162/162/162
f 33/33/33 162/162/162 161/161/161
f 34/34/34 35/35/35 163/163/163
f 34/34/34 163/163/163 162/162/162
f 35/35/35 36/36/36 164/164/164
f 35/35/35 164/164/164 163/163/163
f 36/36/36 37/37/37 165/165/165
f 36/36/36 165/165/165 164/164/164
f 37/37/37 38/38/38 166/166/166
f 37/37/37 166/166/166 165/165/165
f 38/38/38 39/39/39 167/167/167
f 38/38/38 167/167/167 166/166/166
f 39/39/39 40/40/40 168/168/168
f 39/39/39 168/168/168 167/167/167
f 40/40/40 41/41/41 169/169/169
f 40/40/40 169/169/169 168/168/168
f 41/41/41 42/42/42 170/170/170
f 41/41/41 170/170/170 169/169/169
f 42/42/42 43/43/43 171/171/171
f 42/42/42 171/171/171 170/170/170
f 43/43/43 44/44/44 172/172/172
f 43/43/43 172/172/172 171/171/171
f 44/44/44 45/45/45 173/173/173
f 44/44/44 173/173/173 172/172/172
f 45/45/45 46/46/46 174/174/174
f 45/45/45 174/174/174 173/173/173
f 46/46/46 47/47/47 175/175/175
f 46/46/46 175/175/175 174/174/174
f 47/47/47 48/48/48 176/176/176
f 47/47/47 176/176/176 175/175/175
f 48/48/48 49/49/49 177/177/177
f 48/48/48 177/177/177 176/176/176
f 49/49/49 50/50/50 178/178/178
f 49/49/49 178/178/178 177/177/177
f 50/50/50 51/51/51 179/179/179
f 50/50/50 179/179/179 178/178/178
f 51/51/51 52/52/52 180/180/180
f 51/51/51 180/180/180 179/179/179
f 52/52/52 53/53/53 181/181/181
f 52/52/52 181/181/181 180/180/180
f 53/53/53 54/54/54 182/182/182
f 53/53/53 182/182/182 181/181/181
f 54/54/54 55/55/55 183/183/183
f 54/54/54 183/183/183 182/182/182
f 55/55/55 56/56/56 184/184/184
f 55/55/55 184/184/184 183/183/183
f 56/56/56 57/57/57 185/185/185
f 56/56/56 185/185/185 184/184/184
f 57/57/57 58/58/58 186/186/186
f 57/57/57 186/186/186 185/185/185
f 58/58/58 59/59/59 187/187/187
f 58/58/58 187/187/187 186/186/186
f 59/59/59 60/60/60 188/188/188
f 59/59/59 188/188/188 187/187/187
f 60/60/60 61/61/61 189/189/189
f 60/60/60 189/189/189 188/188/188
f 61/61/61 62/62/62 190/190/190
f 61/61/61 190/190/190 189/189/189
f 62/62/62 63/63/63 191/191/191
f 62/62/62 191/191/191 190/190/190
f 63/63/63 64/64/64 192/192/192
f 63/63/63 192/192/192 191/191/191
f 64/64/64 65/65/65 193/193/193
f 64/64/64 193/193/193 192/192/192
f 65/65/65 66/66/66 194/194/194
f 65/65/65 194/194/194 193/193/193
f 66/66/66 67/67/67 195/195/195
f 66/66/66 195/195/195 194/194/194
f 67/67/67 68/68/68 196/196/196
f 67/67/67 196/196/196 195/195/195
f 68/68/68 69/69/69 197/197/197
f 68/68/68 197/197/197 196/196/196
f 69/69/69 70/70/70 198/198/198
f 69/69/69 198/198/198 197/197/197
f 70/70/70 71/71/71 199/199/199
f 70/70/70 199/199/199 198/198/198
f 71/71/71 72/72/72 200/200/200
f 71/71/71 200/200/200 199/199/199
f 72/72/72 73/73/73 201/201/201
f 72/72/72 201/201/201 200/200/200
f 73/73/73 74/74/74 202/202/202
f 73/73/73 202/202/202 201/201/201
f 74/74/74 75/75/75 203/203/203
f 74/74/74 203/203/203 202/202/202
f 75/75/75 76/76/76 204/204/204
f 75/75/75 204/204/204 203/203/203
f 76/76/76 77/77/77 205/205/205
f 76/76/76 205/205/205 204/204/204
f 77/77/77 78/78/78 206/206/206
f 77/77/77 206/206/206 205/205/205
f 78/78/78 79/79/79 207/207/207
f 78/78/78 207/207/207 206/206/206
f 79/79/79 80/80/80 208/208/208
f 79/79/79 208/208/208 207/207/207
f 80/80/80 81/81/81 209/209/209
f 80/80/80 209/209/209 208/208/208
f 81/81/81 82/82/82 210/210/210
f 81/81/81 210/210/210 209/209/209
f 82/82/82 83/83/83 211/211/211
f 82/82/82 211/211/211 210/210/210
f 83/83/83 84/84/84 212/212/212
f 83/83/83 212/212/212 211/211/211
f 84/84/84 85/85/85 213/213/213
f 84/84/84 213/213/213 212/212/212
f 85/85/85 86/86/86 214/214/214
f 85/85/85 214/214/214 213/213/213
f 86/86/86 87/87/87 215/215/215
f 86/86/86 215/215/215 214/214/214
f 87/87/87 88/88/88 216/216/216
f 87/87/87 216/216/216 215/215/215
f 88/88/88 89/89/89 217/217/217
f 88/88/88 217/217/217 216/216/216
f 89/89/89 90/90/90 218/218/218
f 89/89/89 218/218/218 217/217/217
f 90/90/90 91/91/91 219/219/219
f 90/90/90 219/219/219 218/218/218
f 91/91/91 92/92/92 220/220/220
f 91/91/91 220/220/220 219/219/219
f 92/92/92 93/93/93 221/221/221
f 92/92/92 221/221/221 220/220/220
f 93/93/93 94/94/94 222/222/222
f 93/93/93 222/222/222 221/221/221
f 94/94/94 95/95/95 223/223/223
f 94/94/94 223/223/223 222/222/222
f 95/95/95 96/96/96 224/224/224
f 95/95/95 224/224/224 223/223/223
f 96/96/96 97/97/97 225/225/225
f 96/96/96 225/225/225 224/224/224
f 97/97/97 98/98/98 226/226/226
f 97/97/97 226/226/226 225/225/225
f 98/98/98 99/99/99 227/227/227
f 98/98/98 227/227/227 226/226/226
f 99/99/99 100/100/100 228/228/228
f 99/99/99 228/228/228 227/227/227
f 100/100/100 101/101/101 229/229/229
f 100/100/100 229/229/229 228/228/228
f 101/101/101 102/102/102 230/230/230
f 101/101/101 230/230/230 229/229/229
f 102/102/102 103/103/103 231/231/231
f 102/102/102 231/231/231 230/230/230
f 103/103/103 104/104/104 232/232/232
f 103/103/103 232/232/232 231/231/231
f 104/104/104 105/105/105 233/233/233
f 104/104/104 233/233/233 232/232/232
f 105/105/105 106/106/106 234/234/234
f 105/105/105 234/234/234 233/233/233
f 106/106/106 107/107/107 235/235/235
f 106/106/106 235/235/235 234/234/234
f 107/107/107 108/108/108 236/236/236
f 107/107/107 236/236/236 235/235/235
f 108/108/108 109/109/109 237/237/237
f 108/108/108 237/237/237 236/236/236
f 109/109/109 110/110/110 238/238/238
f 109/109/109 238/238/238 237/237/237
f 110/110/110 111/111/111 239/239/239
f 110/110/110 239/239/239 238/238/238
f 111/111/111 112/112/112 240/240/240
f 111/111/111 240/240/240 239/239/239
f 112/112/112 113/113/113 241/241/241
f 112/112/112 241/241/241 240/240/240
f 113/113/113 114/114/114 242/242/242
f 113/113/113 242/242/242 241/241/241
f 114/114/114 115/115/115 243/243/243
f 114/114/114 243/243/243 242/242/242
f 115/115/115 116/116/116 244/244/244
f 115/115/115 244/244/244 243/243/243
f 116/116/116 117/117/117 245/245/245
f 116/116/116 245/245/245 244/244/244
f 117/117/117 118/118/118 246/246/246
f 117/117/117 246/246/246 245/245/245
f 118/118/118 119/119/119 247/247/247
f 118/118/118 247/247/247 246/246/246
f 119/119/119 120/120/120 248/248/248
f 119/119/119 248/248/248 247/247/247
f 120/120/120 121/121/121 249/249/249
f 120/120/120 249/249/249 248/248/248
f 121/121/121 122/122/122 250/250/250
f 121/121/121 250/250/250 249/249/249
f 122/122/122 123/123/123 251/251/251
f 122/122/122 251/251/251 250/250/250
f 123/123/123 124/124/124 252/252/252
f 123/123/123 252/252/252 251/251/251
f 124/124/124 125/125/125 253/253/253
f 124/124/124 253/253/253 252/252/252
f 125/125/125 126/126/126 254/254/254
f 125/125/125 254/254/254 253/253/253
f 126/126/126 127/127/127 255/255/255
f 126/126/126 255/255/255 254/254/254
f 127/127/127 128/128/128 256/256/256
f 127/127/127 256/256/256 255/255/255
f 128/128/128 1/1/1 129/129/129
f 128/128/128 129/129/129 256/256/256
f 129/129/129 130/130/130 258/258/258
f 129/129/129 258/258/258 257/257/257
f 130/130/130 131/131/131 259/259/259
f 130/130/130 259/259/259 258/258/258
f 131/131/131 132/132/132 260/260/260
f 131/131/131 260/260/260 259/259/259
f 132/132/132 133/133/133 261/261/261
f 132/132/132 261/261/261 260/260/260
f 133/133/133 134/134/134 262/262/262
f 133/133/133 262/262/262 261/261/261
f 134/134/134 135/135/135 263/263/263
f 134/134/134 263/263/263 262/262/262
f 135/135/135 136/136/136 264/264/264
f 135/135/135 264/264/264 263/263/263
f 136/136/136 137/137/137 265/265/265
f 136/136/136 265/265/265 264/264/264
f 137/137/137 138/138/138 266/266/266
f 137/137/137 266/266/266 265/265/265
f 138/138/138 139/139/139 267/267/267
f 138/138/138 267/267/267 266/266/266
f 139/139/139 140/140/140 268/268/268
f 139/139/139 268/268/268 267/267/267
f 140/140/140 141/141/141 269/269/269
f 140/140/140 269/269/269 268/268/268
f 141/141/141 142/142/142 270/270/270
f 141/141/141 270/270/270 269/269/269
f 142/142/142 143/143/143 271/271/271
f 142/142/142 271/271/271 270/270/270
f 143/143/143 144/144/144 272/272/272
f 143/143/143 272/272/272 271/271/271
f 144/144/144 145/145/145 273/273/273
f 144/144/144 273/273/273 272/272/272
f 145/145/145 146/146/146 274/274/274
f 145/145/145 274/274/274 273/273/273
f 146/146/146 147/147/147 275/275/275
f 146/146/146 275/275/275 274/274/274
f 147/147/147 148/148/148 276/276/276
f 147/147/147 276/276/276 275/275/275
f 148/148/148 149/149/149 277/277/277
f 148/148/148 277/277/277 276/276/276
f 149/149/149 150/150/150 278/278/278
f 149/149/149 278/278/278 277/277/277
f 150/150/150 151/151/151 279/279/279
f 150/150/150 279/279/279 278/278/278
f 151/151/151 152/152/152 280/280/280
f 151/151/151 280/280/280 279/279/279
f 152/152/152 153/153/153 281/281/281
f 152/152/152 281/281/281 280/280/280
f 153/153/153 154/154/154 282/282/282
f 153/153/153 282/282/282 281/281/281
f 154/154/154 155/155/155 283/283/283
f 154/154/154 283/283/283 282/282/282
f 155/155/155 156/156/156 284/284/284
f 155/155/155 284/284/284 283/283/283
f 156/156/156 157/157/157 285/285/285
f 156/156/156 285/285/285 284/284/284
f 157/157/157 158/158/158 286/286/286
f 157/157/157 286/286/286 285/285/285
f 158/158/158 159/159/159 287/287/287
f 158/158/158 287/287/287 286/286/286
f 159/159/159 160/160/160 288/288/288
f 159/159/159 288/288/288 287/287/287
f 160/160/160 161/161/161 289/289/289
f 160/160/160 289/289/289 288/288/288
f 161/161/161 162/162/162 290/290/290
f 161/161/161 290/290/290 289/289/289
f 162/162/162 163/163/163 291/291/291
f 162/162/162 291/291/291 290/290/290
f 163/163/163 164/164/164 292/292/292
f 163/163/163 292/292/292 291/291/291
f 164/164/164 165/165/165 293/293/293
f 164/164/164 293/293/293 292/292/292
f 165/165/165 166/166/166 294/294/294
f 165/165/165 294/294/294 293/293/293
f 166/166/166 167/167/167 295/295/295
f 166/166/166 295/295/295 294/294/294
f 167/167/167 168/168/168 296/296/296
f 167/167/167 296/296/296 295/295/295
f 168/168/168 169/169/169 297/297/297
f 168/168/168 297/297/297 296/296/296
f 169/169/169 170/170/170 298/298/298
f 169/169/169 298/298/298 297/297/297
f 170/170/170 171/171/171 299/299/299
f 170/170/170 299/299/299 298/298/298
f 171/171/171 172/172/172 300/300/300
f 171/171/171 300/300/300 299/299/299
f 172/172/172 173/173/173 301/301/301
f 172/172/172 301/301/301 300/300/300
f 173/173/173 174/174/174 302/302/302
f 173/173/173 302/302/302 301/301/301
f 174/174/174 175/175/175 303/303/303
f 174/174/174 303/303/303 302/302/302
f 175/175/175 176/176/176 304/304/304
f 175/175/175 304/304/304 303/303/303
f 176/176/176 177/177/177 305/305/305
f 176/176/176 305/305/305 304/304/304
f 177/177/177 178/178/178 306/306/306
f 177/177/177 306/306/306 305/305/305
f 178/178/178 179/179/179 307/307/307
f 178/178/178 307/307/307 306/306/306
f 179/179/179 180/180/180 308/308/308
f 179/179/179 308/308/308 307/307/307
f 180/180/180 181/181/181 309/309/309
f 180/180/180 309/309/309 308/308/308
f 181/181/181 182/182/182 310/310/310
f 181/181/181 310/310/310 309/309/309
f 182/182/182 183/183/183 311/311/311
f 182/182/182 311/311/311 310/310/310
f 183/183/183 184/184/184 312/312/312
f 183/183/183 312/312/312 311/311/311
f 184/184/184 185/185/185 313/313/313
f 184/184/184 313/313/313 312/312/312
f 185/185/185 186/186/186 314/314/314
f 185/185/185 314/314/314 313/313/313
f 186/186/186 187/187/187 315/315/315
f 186/186/186 315/315/315 314/314/314
f 187/187/187 188/188/188 316/316/316
f 187/187/187 316/316/316 315/315/315
f 188/188/188 189/189/189 317/317/317
f 188/188/188 317/317/317 316/316/316
f 189/189/189 190/190/190 318/318/318
f 189/189/189 318/318/318 317/317/317
f 190/190/190 191/191/191 319/319/319
f 190/190/190 319/319/319 318/318/318
f 191/191/191 192/192/192 320/320/320
f 191/191/191 320/320/320 319/319/319
f 192/192/192 193/193/193 321/321/321
f 192/192/192 321/321/321 320/320/320
f 193/193/193 194/194/194 322/322/322
f 193/193/193 322/322/322 321/321/321
f 194/194/194 195/195/195 323/323/323
f 194/194/194 323/323/323 322/322/322
f 195/195/195 196/196/196 324/324/324
f 195/195/195 324/324/324 323/323/323
f 196/196/196 197/197/197 325/325/325
f 196/196/196 325/325/325 324/324/324
f 197/197/197 198/198/198 326/326/326
f 197/197/197 326/326/326 325/325/325
f 198/198/198 199/199/199 327/327/327
f 198/198/198 327/327/327 326/326/326
f 199/199/199 200/200/200 328/328/328
f 199/199/199 328/328/328 327/327/327
f 200/200/200 201/201/201 329/329/329
f 200/200/200 329/329/329 328/328/328
f 201/201/201 202/202/202 330/330/330
f 201/201/201 330/330/330 329/329/329
f 202/202/202 203/203/203 331/331/331
f 202/202/202 331/331/331 330/330/330
f 203/203/203 204/204/204 332/332/332
f 203/203/203 332/332/332 331/331/331
f 204/204/204 205/205/205 333/333/333
f 204/204/204 333/333/333 332/332/332
f 205/205/205 206/206/206 334/334/334
f 205/205/205 334/334/334 333/333/333
f 206/206/206 207/207/207 335/335/335
f 206/206/206 335/335/335 334/334/334
f 207/207/207 208/208/208 336/336/336
f 207/207/207 336/336/336 335/335/335
f 208/208/208 209/209/209 337/337/337
f 208/208/208 337/337/337 336/336/336
f 209/209/209 210/210/210 338/338/338
f 209/209/209 338/338/338 337/337/337
f 210/210/210 211/211/211 339/339/339
f 210/210/210 339/339/339 338/338/338
f 211/211/211 212/212/212 340/340/340
f 211/211/211 340/340/340 339/339/339
f 212/212/212 213/213/213 341/341/341
f 212/212/212 341/341/341 340/340/340
f 213/213/213 214/214/214 342/342/342
f 213/213/213 342/342/342 341/341/341
f 214/214/214 215/215/215 343/343/343
f 214/214/214 343/343/343 342/342/342
f 215/215/215 216/216/216 344/344/344
f 215/215/215 344/344/344 343/343/343
f 216/216/216 217/217/217 345/345/345
f 216/216/216 345/345/345 344/344/344
f 217/217/217 218/218/218 346/346/346
f 217/217/217 346/346/346 345/345/345
f 218/218/218 219/219/219 347/347/347
f 218/218/218 347/347/347 346/346/346
f 219/219/219 220/220/220 348/348/348
f 219/219/219 348/348/348 347/347/347
f 220/220/220 221/221/221 349/349/349
f 220/220/220 349/349/349 348/348/348
f 221/221/221 222/222/222 350/350/350
f 221/221/221 350/350/350 349/349/349
f 222/222/222 223/223/223 351/351/351
f 222/222/222 351/351/351 350/350/350
f 223/223/223 224/224/224 352/352/352
f 223/223/223 352/352/352 351/351/351
f 224/224/224 225/225/225 353/353/353
f 224/224/224 353/353/353 352/352/352
f 225/225/225 226/226/226 354/354/354
f 225/225/225 354/354/354 353/353/353
f 226/226/226 227/227/227 355/355/355
f 226/226/226 355/355/355 354/354/354
f 227/227/227 228/228/228 356/356/356
f 227/227/227 356/356/356 355/355/355
f 228/228/228 229/229/229 357/357/357
f 228/228/228 357/357/357 356/356/356
f 229/229/229 230/230/230 358/358/358
f 229/229/229 358/358/358 357/357/357
f 230/230/230 231/231/231 359/359/359
f 230/230/230 359/359/359 358/358/358
f 231/231/231 232/232/232 360/360/360
f 231/231/231 360/360/360 359/359/359
f 232/232/232 233/233/233 361/361/361
f 232/232/232 361/361/361 360/360/360
f 233/233/233 234/234/234 362/362/362
f 233/233/233 362/362/362 361/361/361
f 234/234/234 235/235/235 363/363/363
f 234/234/234 363/363/363 362/362/362
f 235/235/235 236/236/236 364/364/364
f 235/235/235 364/364/364 363/363/363
f 236/236/236 237/237/237 365/365/365
f 236/236/236 365/365/365 364/364/364
f 237/237/237 238/238/238 366/366/366
f 237/237/237 366/366/366 365/365/365
f 238/238/238 239/239/239 367/367/367
f 238/238/238 367/367/367 366/366/366
f 239/239/239 240/240/240 368/368/368
f 239/239/239 368/368/368 367/367/367
f 240/240/240 241/241/241 369/369/369
f 240/240/240 369/369/369 368/368/368
f 241/241/241 242/242/242 370/370/370
f 241/241/241 370/370/370 369/369/369
f 242/242/242 243/243/243 371/371/371
f 242/242/242 371/371/371 370/370/370
f 243/243/243 244/244/244 372/372/372
f 243/243/243 372/372/372 371/371/371
f 244/244/244 245/245/245 373/373/373
f 244/244/244 373/373/373 372/372/372
f 245/245/245 246/246/246 374/374/374
f 245/245/245 374/374/374 373/373/373
f 246/246/246 247/247/247 375/375/375
f 246/246/246 375/375/375 374/374/374
f 247/247/247 248/248/248 376/376/376
f 247/247/247 376/376/376 375/375/375
f 248/248/248 249/249/249 377/377/377
f 248/248/248 377/377/377 376/376/376
f 249/249/249 250/250/250 378/378/378
f 249/249/249 378/378/378 377/377/377
f 250/250/250 251/251/251 379/379/379
f 250/250/250 379/379/379 378/378/378
f 251/251/251 252/252/252 380/380/380
f 251/251/251 380/380/380 379/379/379
f 252/252/252 253/253/253 381/381/381
f 252/252/252 381/381/381 380/380/380
f 253/253/253 254/254/254 382/382/382
f 253/253/253 382/382/382 381/381/381
f 254/254/254 255/255/255 383/383/383
f 254/254/254 383/383/383 382/382/382
f 255/255/255 256/256/256 384/384/384
f 255/255/255 384/384/384 383/383/383
f 256/256/256 129/129/129 257/257/257
f 256/256/256 257/257/257 384/384/384
f 257/257/257 258/258/258 386/386/386
f 257/257/257 386/386/386 385/385/385
f 258/258/258 259/259/259 387/387/387
f 258/258/258 387/387/387 386/386/386
f 259/259/259 260/260/260 388/388/388
f 259/259/259 388/388/388 387/387/387
f 260/260/260 261/261/261 389/389/389
f 260/260/260 389/389/389 388/388/388
f 261/261/261 262/262/262 390/390/390
f 261/261/261 390/390/390 389/389/389
f 262/262/262 263/263/263 391/391/391
f 262/262/262 391/391/391 390/390/390
f 263/263/263 264/264/264 392/392/392
f 263/263/263 392/392/392 391/391/391
f 264/264/264 265/265/265 393/393/393
f 264/264/264 393/393/393 392/392/392
f 265/265/265 266/266/266 394/394/394
f 265/265/265 394/394/394 393/393/393
f 266/266/266 267/267/267 395/395/395
f 266/266/266 395/395/395 394/394/394
f 267/267/267 268/268/268 396/396/396
f 267/267/267 396/396/396 395/395/395
f 268/268/268 269/269/269 397/397/397
f 268/268/268 397/397/397 396/396/396
f 269/269/269 270/270/270 398/398/398
f 269/269/269 398/398/398 397/397/397
f 270/270/270 271/271/271 399/399/399
f 270/270/270 399/399/399 398/398/398
f 271/271/271 272/272/272 400/400/400
f 271/271/271 400/400/400 399/399/399
f 272/272/272 273/273/273 401/401/401
f 272/272/272 401/401/401 400/400/400
f 273/273/273 274/274/274 402/402/402
f 273/273/273 402/402/402 401/401/401
f 274/274/274 275/275/275 403/403/403
f 274/274/274 403/403/403 402/402/402
f 275/275/275 276/276/276 404/404/404
f 275/275/275 404/404/404 403/403/403
f 276/276/276 277/277/277 405/405/405
f 276/276/276 405/405/405 404/404/404
f 277/277/277 278/278/278 406/406/406
f 277/277/277 406/406/406 405/405/405
f 278/278/278 279/279/279 407/407/407
f 278/278/278 407/407/407 406/406/406
f 279/279/279 280/280/280 408/408/408
f 279/279/279 408/408/408 407/407/407
f 280/280/280 281/281/281 409/409/409
f 280/280/280 409/409/409 408/408/408
f 281/281/281 282/282/282 410/410/410
f 281/281/281 410/410/410 409/409/409
f 282/282/282 283/283/283 411/411/411
f 282/282/282 411/411/411 410/410/410
f 283/283/283 284/284/284 412/412/412
f 283/283/283 412/412/412 411/411/411
f 284/284/284 285/285/285 413/413/413
f 284/284/284 413/413/413 412/412/412
f 285/285/285 286/286/286 414/414/414
f 285/285/285 414/414/414 413/413/413
f 286/286/286 287/287/287 415/415/415
f 286/286/286 415/415/415 414/414/414
f 287/287/287 288/288/288 416/416/416
f 287/287/287 416/416/416 415/415/415
f 288/288/288 289/289/289 417/417/417
f 288/288/288 417/417/417 416/416/416
f 289/289/289 290/290/290 418/418/418
f 289/289/289 418/418/418 417/417/417
f 290/290/290 291/291/291 419/419/419
f 290/290/290 419/419/419 418/418/418
f 291/291/291 292/292/292 420/420/420
f 291/291/291 420/420/420 419/419/419
f 292/292/292 293/293/293 421/421/421
f 292/292/292 421/421/421 420/420/420
f 293/293/293 294/294/294 422/422/422
f 293/293/293 422/422/422 421/421/421
f 294/294/294 295/295/295 423/423/423
f 294/294/294 423/423/423 422/422/422
f 295/295/295 296/296/296 424/424/424
f 295/295/295 424/424/424 423/423/423
f 296/296/296 297/297/297 425/425/425
f 296/296/296 425/425/425 424/424/424
f 297/297/297 298/298/298 426/426/426
f 297/297/297 426/426/426 425/425/425
f 298/298/298 299/299/299 427/427/427
f 298/298/298 427/427/427 426/426/426
f 299/299/299 300/300/300 428/428/428
f 299/299/299 428/428/428 427/427/427
f 300/300/300 301/301/301 429/429/429
f 300/300/300 429/429/429 428/428/428
f 301/301/301 302/302/302 430/430/430
f 301/301/301 430/430/430 429/429/429
f 302/302/302 303/303/303 431/431/431
f 302/302/302 431/431/431 430/430/430
f 303/303/303 304/304/304 432/432/432
f 303/303/303 432/432/432 431/431/431
f 304/304/304 305/305/305 433/433/433
f 304/304/304 433/433/433 432/432/432
f 305/305/305 306/306/306 434/434/434
f 305/305/305 434/434/434 433/433/433
f 306/306/306 307/307/307 435/435/435
f 306/306/306 435/435/435 434/434/434
f 307/307/307 308/308/308 436/436/436
f 307/307/307 436/436/436 435/435/435
f 308/308/308 309/309/309 437/437/437
f 308/308/308 437/437/437 436/436/436
f 309/309/309 310/310/310 438/438/438
f 309/309/309 438/438/438 437/437/437
f 310/310/310 311/311/311 439/439/439
f 310/310/310 439/439/439 438/438/438
f 311/311/311 312/312/312 440/440/440
f 311/311/311 440/440/440 439/439/439
f 312/312/312 313/313/313 441/441/441
f 312/312/312 441/441/441 440/440/440
f 313/313/313 314/314/314 442/442/442
f 313/313/313 442/442/442 441/441/441
f 314/314/314 315/315/315 443/443/443
f 314/314/314 443/443/443 442/442/442
f 315/315/315 316/316/316 444/444/444
f 315/315/315 444/444/444 443/443/443
f 316/316/316 317/317/317 445/445/445
f 316/316/316 445/445/445 444/444/444
f 317/317/317 318/318/318 446/446/446
f 317/317/317 446/446/446 445/445/445
f 318/318/318 319/319/319 447/447/447
f 318/318/318 447/447/447 446/446/446
f 319/319/319 320/320/320 448/448/448
f 319/319/319 448/448/448 447/447/447
f 320/320/320 321/321/321 449/449/449
f 320/320/320 449/449/449 448/448/448
f 321/321/321 322/322/322 450/450/450
f 321/321/321 450/450/450 449/449/449
f 322/322/322 323/323/323 451/451/451
f 322/322/322 451/451/451 450/450/450
f 323/323/323 324/324/324 452/452/452
f 323/323/323 452/452/452 451/451/451
f 324/324/324 325/325/325 453/453/453
f 324/324/324 453/453/453 452/452/452
f 325/325/325 326/326/326 454/454/454
f 325/325/325 454/454/454 453/453/453
f 326/326/326 327/327/327 455/455/455
f 326/326/326 455/455/455 454/454/454
f 327/327/327 328/328/328 456/456/456
f 327/327/327 456/456/456 455/455/455
f 328/328/328 329/329/329 457/457/457
f 328/328/328 457/457/457 456/456/456
f 329/329/329 330/330/330 458/458/458
f 329/329/329 458/458/458 457/457/457
f 330/330/330 331/331/331 459/459/459
f 330/330/330 459/459/459 458/458/458
f 331/331/331 332/332/332 460/460/460
f 331/331/331 460/460/460 459/459/459
f 332/332/332 333/333/333 461/461/461
f 332/332/332 461/461/461 460/460/460
f 333/333/333 334/334/334 462/462/462
f 333/333/333 462/462/462 461/461/461
f 334/334/334 335/335/335 463/463/463
f 334/334/334 463/463/463 462/462/462
f 335/335/335 336/336/336 464/464/464
f 335/335/335 464/464/464 463/463/463
f 336/336/336 337/337/337 465/465/465
f 336/336/336 465/465/465 464/464/464
f 337/337/337 338/338/338 466/466/466
f 337/337/337 466/466/466 465/465/465
f 338/338/338 339/339/339 467/467/467
f 338/338/338 467/467/467 466/466/466
f 339/339/339 340/340/340 468/468/468
f 339/339/339 468/468/468 467/467/467
f 340/340/340 341/341/341 469/469/469
f 340/340/340 469/469/469 468/468/468
f 341/341/341 342/342/342 470/470/470
f 341/341/341 470/470/470 469/469/469
f 342/342/342 343/343/343 471/471/471
f 342/342/342 471/471/471 470/470/470
f 343/343/343 344/344/344 472/472/472
f 343/343/343 472/472/472 471/471/471
f 344/344/344 345/345/345 473/473/473
f 344/344/344 473/473/473 472/472/472
f 345/345/345 346/346/346 474/474/474
f 345/345/345 474/474/474 473/473/473
f 346/346/346 347/347/347 475/475/475
f 346/346/346 475/475/475 474/474/474
f 347/347/347 348/348/348 476/476/476
f 347/347/347 476/476/476 475/475/475
f 348/348/348 349/349/349 477/477/477
f 348/348/348 477/477/477 476/476/476
f 349/349/349 350/350/350 478/478/478
f 349/349/349 478/478/478 477/477/477
f 350/350/350 351/351/351 479/479/479
f 350/350/350 479/479/479 478/478/478
f 351/351/351 352/352/352 480/480/480
f 351/351/351 480/480/480 479/479/479
f 352/352/352 353/353/353 481/481/481
f 352/352/352 481/481/481 480/480/480
f 353/353/353 354/354/354 482/482/482
f 353/353/353 482/482/482 481/481/481
f 354/354/354 355/355/355 483/483/483
f 354/354/354 483/483/483 482/482/482
f 355/355/355 356/356/356 484/484/484
f 355/355/355 484/484/484 483/483/483
f 356/356/356 357/357/357 485/485/485
f 356/356/356 485/485/485 484/484/484
f 357/357/357 358/358/358 486/486/486
f 357/357/357 486/486/486 485/485/485
f 358/358/358 359/359/359 487/487/487
f 358/358/358 487/487/487 486/486/486
f 359/359/359 360/360/360 488/488/488
f 359/359/359 488/488/488 487/487/487
f 360/360/360 361/361/361 489/489/489
f 360/360/360 489/489/489 488/488/488
f 361/361/361 362/362/362 490/490/490
f 361/361/361 490/490/490 489/489/489
f 362/362/362 363/363/363 491/491/491
f 362/362/362 491/491/491 490/490/490
f 363/363/363 364/364/364 492/492/492
f 363/363/363 492/492/492 491/491/491
f 364/364/364 365/365/365 493/493/493
f 364/364/364 493/493/493 492/492/492
f 365/365/365 366/366/366 494/494/494
f 365/365/365 494/494/494 493/493/493
f 366/366/366 367/367/367 495/495/495
f 366/366/366 495/495/495 494/494/494
f 367/367/367 368/368/368 496/496/496
f 367/367/367 496/496/496 495/495/495
f 368/368/368 369/369/369 497/497/497
f 368/368/368 497/497/497 496/496/496
f 369/369/369 370/370/370 498/498/498
f 369/369/369 498/498/498 497/497/497
f 370/370/370 371/371/371 499/499/499
f 370/370/370 499/499/499 498/498/498
f 371/371/371 372/372/372 500/500/500
f 371/371/371 500/500/500 499/499/499
f 372/372/372 373/373/373 501/501/501
f 372/372/372 501/501/501 500/500/500
f 373/373/373 374/374/374 502/502/502
f 373/373/373 502/502/502 501/501/501
f 374/374/374 375/375/375 503/503/503
f 374/374/374 503/503/503 502/502/502
f 375/375/375 376/376/376 504/504/504
f 375/375/375 504/504/504 503/503/503
f 376/376/376 377/377/377 505/505/505
f 376/376/376 505/505/505 504/504/504
f 377/377/377 378/378/378 506/506/506
f 377/377/377 506/506/506 505/505/505
f 378/378/378 379/379/379 507/507/507
f 378/378/378 507/507/507 506/506/506
f 379/379/379 380/380/380 508/508/508
f 379/379/379 508/508/508 507/507/507
f 380/380/380 381/381/381 509/509/509
f 380/380/380 509/509/509 508/508/508
f 381/381/381 382/382/382 510/510/510
f 381/381/381 510/510/510 509/509/509
f 382/382/382 383/383/383 511/511/511
f 382/382/382 511/511/511 510/510/510
f 383/383/383 384/384/384 512/512/512
f 383/383/383 512/512/512 511/511/511
f 384/384/384 257/257/257 385/385/385
f 384/384/384 385/385/385 512/512/512
f 385/385/385 386/386/386 514/514/514
f 385/385/385 514/514/514 513/513/513
f 386/386/386 387/387/387 515/515/515
f 386/386/386 515/515/515 514/514/514
f 387/387/387 388/388/388 516/516/516
f 387/387/387 516/516/516 515/515/515
f 388/388/388 389/389/389 517/517/517
f 388/388/388 517/517/517 516/516/516
f 389/389/389 390/390/390 518/518/518
f 389/389/389 518/518/518 517/517/517
f 390/390/390 391/391/391 519/519/519
f 390/390/390 519/519/519 518/518/518
f 391/391/391 392/392/392 520/520/520
f 391/391/391 520/520/520 519/519/519
f 392/392/392 393/393/393 521/521/521
f 392/392/392 521/521/521 520/520/520
f 393/393/393 394/394/394 522/522/522
f 393/393/393 522/522/522 521/521/521
f 394/394/394 395/395/395 523/523/523
f 394/394/394 523/523/523 522/522/522
f 395/395/395 396/396/396 524/524/524
f 395/395/395 524/524/524 523/523/523
f 396/396/396 397/397/397 525/525/525
f 396/396/396 525/525/525 524/524/524
f 397/397/397 398/398/398 526/526/526
f 397/397/397 526/526/526 525/525/525
f 398/398/398 399/399/399 527/527/527
f 398/398/398 527/527/527 526/526/526
f 399/399/399 400/400/400 528/528/528
f 399/399/399 528/528/528 527/527/527
f 400/400/400 401/401/401 529/529/529
f 400/400/400 529/529/529 528/528/528
f 401/401/401 402/402/402 530/530/530
f 401/401/401 530/530/530 529/529/529
f 402/402/402 403/403/403 531/531/531
f 402/402/402 531/531/531 530/530/530
f 403/403/403 404/404/404 532/532/532
f 403/403/403 532/532/532 531/531/531
f 404/404/404 405/405/405 533/533/533
f 404/404/404 533/533/533 532/532/532
f 405/405/405 406/406/406 534/534/534
f 405/405/405 534/534/534 533/533/533
f 406/406/406 407/407/407 535/535/535
f 406/406/406 535/535/535 534/534/534
f 407/407/407 408/408/408 536/536/536
f 407/407/407 536/536/536 535/535/535
f 408/408/408 409/409/409 537/537/537
f 408/408/408 537/537/537 536/536/536
f 409/409/409 410/410/410 538/538/538
f 409/409/409 538/538/538 537/537/537
f 410/410/410 411/411/411 539/539/539
f 410/410/410 539/539/539 538/538/538
f 411/411/411 412/412/412 540/540/540
f 411/411/411 540/540/540 539/539/539
f 412/412/412 413/413/413 541/541/541
f 412/412/412 541/541/541 540/540/540
f 413/413/413 414/414/414 542/542/542
f 413/413/413 542/542/542 541/541/541
f 414/414/414 415/415/415 543/543/543
f 414/414/414 543/543/543 542/542/542
f 415/415/415 416/416/416 544/544/544
f 415/415/415 544/544/544 543/543/543
f 416/416/416 417/417/417 545/545/545
f 416/416/416 545/545/545 544/544/544
f 417/417/417 418/418/418 546/546/546
f 417/417/417 546/546/546 545/545/545
f 418/418/418 419/419/419 547/547/547
f 418/418/418 547/547/547 546/546/546
f 419/419/419 420/420/420 548/548/548
f 419/419/419 548/548/548 547/547/547
f 420/420/420 421/421/421 549/549/549
f 420/420/420 549/549/549 548/548/548
f 421/421/421 422/422/422 550/550/550
f 421/421/421 550/550/550 549/549/549
f 422/422/422 423/423/423 551/551/551
f 422/422/422 551/551/551 550/550/550
f 423/423/423 424/424/424 552/552/552
f 423/423/423 552/552/552 551/551/551
f 424/424/424 425/425/425 553/553/553
f 424/424/424 553/553/553 552/552/552
f 425/425/425 426/426/426 554/554/554
f 425/425/425 554/554/554 553/553/553
f 426/426/426 427/427/427 555/555/555
f 426/426/426 555/555/555 554/554/554
f 427/427/427 428/428/428 556/556/556
f 427/427/427 556/556/556 555/555/555
f 428/428/428 429/429/429 557/557/557
f 428/428/428 557/557/557 556/556/556
f 429/429/429 430/430/430 558/558/558
f 429/429/429 558/558/558 557/557/557
f 430/430/430 431/431/431 559/559/559
f 430/430/430 559/559/559 558/558/558
f 431/431/431 432/432/432 560/560/560
f 431/431/431 560/560/560 559/559/559
f 432/432/432 433/433/433 561/561/561
f 432/432/432 561/561/561 560/560/560
f 433/433/433 434/434/434 562/562/562
f 433/433/433 562/562/562 561/561/561
f 434/434/434 435/435/435 563/563/563
f 434/434/434 563/563/563 562/562/562
f 435/435/435 436/436/436 564/564/564
f 435/435/435 564/564/564 563/563/563
f 436/436/436 437/437/437 565/565/565
f 436/436/436 565/565/565 564/564/564
f 437/437/437 438/438/438 566/566/566
f 437/437/437 566/566/566 565/565/565
f 438/438/438 439/439/439 567/567/567
f 438/438/438 567/567/567 566/566/566
f 439/439/439 440/440/440 568/568/568
f 439/439/439 568/568/568 567/567/567
f 440/440/440 441/441/441 569/569/569
f 440/440/440 569/569/569 568/568/568
f 441/441/441 442/442/442 570/570/570
f 441/441/441 570/570/570 569/569/569
f 442/442/442 443/443/443 571/571/571
f 442/442/442 571/571/571 570/570/570
f 443/443/443 444/444/444 572/572/572
f 443/443/443 572/572/572 571/571/571
f 444/444/444 445/445/445 573/573/573
f 444/444/444 573/573/573 572/572/572
f 445/445/445 446/446/446 574/574/574
f 445/445/445 574/574/574 573/573/573
f 446/446/446 447/447/447 575/575/575
f 446/446/446 575/575/575 574/574/574
f 447/447/447 448/448/448 576/576/576
f 447/447/447 576/576/576 575/575/575
f 448/448/448 449/449/449 577/577/577
f 448/448/448 577/577/577 576/576/576
f 449/449/449 450/450/450 578/578/578
f 449/449/449 578/578/578 577/577/577
f 450/450/450 451/451/451 579/579/579
f 450/450/450 579/579/579 578/578/578
f 451/451/451 452/452/452 580/580/580
f 451/451/451 580/580/580 579/579/579
f 452/452/452 453/453/453 581/581/581
f 452/452/452 581/581/581 580/580/580
f 453/453/453 454/454/454 582/582/582
f 453/453/453 582/582/582 581/581/581
f 454/454/454 455/455/455 583/583/583
f 454/454/454 583/583/583 582/582/582
f 455/455/455 456/456/456 584/584/584
f 455/455/455 584/584/584 583/583/583
f 456/456/456 457/457/457 585/585/585
f 456/456/456 585/585/585 584/584/584
f 457/457/457 458/458/458 586/586/586
f 457/457/457 586/586/586 585/585/585
f 458/458/458 459/459/459 587/587/587
f 458/458/458 587/587/587 586/586/586
f 459/459/459 460/460/460 588/588/588
f 459/459/459 588/588/588 587/587/587
f 460/460/460 461/461/461 589/589/589
f 460/460/460 589/589/589 588/588/588
f 461/461/461 462/462/462 590/590/590
f 461/461/461 590/590/590 589/589/589
f 462/462/462 463/463/463 591/591/591
f 462/462/462 591/591/591 590/590/590
f 463/463/463 464/464/464 592/592/592
f 463/463/463 592/592/592 591/591/591
f 464/464/464 465/465/465 593/593/593
f 464/464/464 593/593/593 592/592/592
f 465/465/465 466/466/466 594/594/594
f 465/465/465 594/594/594 593/593/593
f 466/466/466 467/467/467 595/595/595
f 466/466/466 595/595/595 594/594/594
f 467/467/467 468/468/468 596/596/596
f 467/467/467 596/596/596 595/595/595
f 468/468/468 469/469/469 597/597/597
f 468/468/468 597/597/597 596/596/596
f 469/469/469 470/470/470 598/598/598
f 469/469/469 598/598/598 597/597/597
f 470/470/470 471/471/471 599/599/599
f 470/470/470 599/599/599 598/598/598
f 471/471/471 472/472/472 600/600/600
f 471/471/471 600/600/600 599/599/599
f 472/472/472 473/473/473 601/601/601
f 472/472/472 601/601/601 600/600/600
f 473/473/473 474/474/474 602/602/602
f 473/473/473 602/602/602 601/601/601
f 474/474/474 475/475/475 603/603/603
f 474/474/474 603/603/603 602/602/602
f 475/475/475 476/476/476 604/604/604
f 475/475/475 604/604/604 603/603/603
f 476/476/476 477/477/477 605/605/605
f 476/476/476 605/605/605 604/604/604
f 477/477/477 478/478/478 606/606/606
f 477/477/477 606/606/606 605/605/605
f 478/478/478 479/479/479 607/607/607
f 478/478/478 607/607/607 606/606/606
f 479/479/479 480/480/480 608/608/608
f 479/479/479 608/608/608 607/607/607
f 480/480/480 481/481/481 609/609/609
f 480/480/480 609/609/609 608/608/608
f 481/481/481 482/482/482 610/610/610
f 481/481/481 610/610/610 609/609/609
f 482/482/482 483/483/483 611/611/611
f 482/482/482 611/611/611 610/610/610
f 483/483/483 484/484/484 612/612/612
f 483/483/483 612/612/612 611/611/611
f 484/484/484 485/485/485 613/613/613
f 484/484/484 613/613/613 612/612/612
f 485/485/485 486/486/486 614/614/614
f 485/485/485 614/614/614 613/613/613
f 486/486/486 487/487/487 615/615/615
f 486/486/486 615/615/615 614/614/614
f 487/487/487 488/488/488 616/616/616
f 487/487/487 616/616/616 615/615/615
f 488/488/488 489/489/489 617/617/617
f 488/488/488 617/617/617 616/616/616
f 489/489/489 490/490/490 618/618/618
f 489/489/489 618/618/618 617/617/617
f 490/490/490 491/491/491 619/619/619
f 490/490/490 619/619/619 618/618/618
f 491/491/491 492/492/492 620/620/620
f 491/491/491 620/620/620 619/619/619
f 492/492/492 493/493/493 621/621/621
f 492/492/492 621/621/621 620/620/620
f 493/493/493 494/494/494 622/622/622
f 493/493/493 622/622/622 621/621/621
f 494/494/494 495/495/495 623/623/623
f 494/494/494 623/623/623 622/622/622
f 495/495/495 496/496/496 624/624/624
f 495/495/495 624/624/624 623/623/623
f 496/496/496 497/497/497 625/625/625
f 496/496/496 625/625/625 624/624/624
f 497/497/497 498/498/498 626/626/626
f 497/497/497 626/626/626 625/625/625
f 498/498/498 499/499/499 627/627/627
f 498/498/498 627/627/627 626/626/626
f 499/499/499 500/500/500 628/628/628
f 499/499/499 628/628/628 627/627/627
f 500/500/500 501/501/501 629/629/629
f 500/500/500 629/629/629 628/628/628
f 501/501/501 502/502/502 630/630/630
f 501/501/501 630/630/630 629/629/629
f 502/502/502 503/503/503 631/631/631
f 502/502/502 631/631/631 630/630/630
f 503/503/503 504/504/504 632/632/632
f 503/503/503 632/632/632 631/631/631
f 504/504/504 505/505/505 633/633/633
f 504/504/504 633/633/633 632/632/632
f 505/505/505 506/506/506 634/634/634
f 505/505/505 634/634/634 633/633/633
f 506/506/506 507/507/507 635/635/635
f 506/506/506 635/635/635 634/634/634
f 507/507/507 508/508/508 636/636/636
f 507/507/507 636/636/636 635/635/635
f 508/508/508 509/509/509 637/637/637
f 508/508/508 637/637/637 636/636/636
f 509/509/509 510/510/510 638/638/638
f 509/509/509 638/638/638 637/637/637
f 510/510/510 511/511/511 639/639/639
f 510/510/510 639/639/639 638/638/638
f 511/511/511 512/512/512 640/640/640
f 511/511/511 640/640/640 639/639/639
f 512/512/512 385/385/385 513/513/513
f 512/512/512 513/513/513 640/640/640
f 513/513/513 514/514/514 642/642/642
f 513/513/513 642/642/642 641/641/641
f 514/514/514 515/515/515 643/643/643
f 514/514/514 643/643/643 642/642/642
f 515/515/515 516/516/516 644/644/644
f 515/515/515 644/644/644 643/643/643
f 516/516/516 517/517/517 645/645/645
f 516/516/516 645/645/645 644/644/644
f 517/517/517 518/518/518 646/646/646
f 517/517/517 646/646/646 645/645/645
f 518/518/518 519/519/519 647/647/647
f 518/518/518 647/647/647 646/646/646
f 519/519/519 520/520/520 648/648/648
f 519/519/519 648/648/648 647/647/647
f 520/520/520 521/521/521 649/649/649
f 520/520/520 649/649/649 648/648/648
f 521/521/521 522/522/522 650/650/650
f 521/521/521 650/650/650 649/649/649
f 522/522/522 523/523/523 651/651/651
f 522/522/522 651/651/651 650/650/650
f 523/523/523 524/524/524 652/652/652
f 523/523/523 652/652/652 651/651/651
f 524/524/524 525/525/525 653/653/653
f 524/524/524 653/653/653 652/652/652
f 525/525/525 526/526/526 654/654/654
f 525/525/525 654/654/654 653/653/653
f 526/526/526 527/527/527 655/655/655
f 526/526/526 655/655/655 654/654/654
f 527/527/527 528/528/528 656/656/656
f 527/527/527 656/656/656 655/655/655
f 528/528/528 529/529/529 657/657/657
f 528/528/528 657/657/657 656/656/656
f 529/529/529 530/530/530 658/658/658
f 529/529/529 658/658/658 657/657/657
f 530/530/530 531/531/531 659/659/659
f 530/530/530 659/659/659 658/658/658
f 531/531/531 532/532/532 660/660/660
f 531/531/531 660/660/660 659/659/659
f 532/532/532 533/533/533 661/661/661
f 532/532/532 661/661/661 660/660/660
f 533/533/533 534/534/534 662/662/662
f 533/533/533 662/662/662 661/661/661
f 534/534/534 535/535/535 663/663/663
f 534/534/534 663/663/663 662/662/662
f 535/535/535 536/536/536 664/664/664
f 535/535/535 664/664/664 663/663/663
f 536/536/536 537/537/537 665/665/665
f 536/536/536 665/665/665 664/664/664
f 537/537/537 538/538/538 666/666/666
f 537/537/537 666/666/666 665/665/665
f 538/538/538 539/539/539 667/667/667
f 538/538/538 667/667/667 666/666/666
f 539/539/539 540/540/540 668/668/668
f 539/539/539 668/668/668 667/667/667
f 540/540/540 541/541/541 669/669/669
f 540/540/540 669/669/669 668/668/668
f 541/541/541 542/542/542 670/670/670
f 541/541/541 670/670/670 669/669/669
f 542/542/542 543/543/543 671/671/671
f 542/542/542 671/671/671 670/670/670
f 543/543/543 544/544/544 672/672/672
f 543/543/543 672/672/672 671/671/671
f 544/544/544 545/545/545 673/673/673
f 544/544/544 673/673/673 672/672/672
f 545/545/545 546/546/546 674/674/674
f 545/545/545 674/674/674 673/673/673
f 546/546/546 547/547/547 675/675/675
f 546/546/546 675/675/675 674/674/674
f 547/547/547 548/548/548 676/676/676
f 547/547/547 676/676/676 675/675/675
f 548/548/548 549/549/549 677/677/677
f 548/548/548 677/677/677 676/676/676
f 549/549/549 550/550/550 678/678/678
f 549/549/549 678/678/678 677/677/677
f 550/550/550 551/551/551 679/679/679
f 550/550/550 679/679/679 678/678/678
f 551/551/551 552/552/552 680/680/680
f 551/551/551 680/680/680 679/679/679
f 552/552/552 553/553/553 681/681/681
f 552/552/552 681/681/681 680/680/680
f 553/553/553 554/554/554 682/682/682
f 553/553/553 682/682/682 681/681/681
f 554/554/554 555/555/555 683/683/683
f 554/554/554 683/683/683 682/682/682
f 555/555/555 556/556/556 684/684/684
f 555/555/555 684/684/684 683/683/683
f 556/556/556 557/557/557 685/685/685
f 556/556/556 685/685/685 684/684/684
f 557/557/557 558/558/558 686/686/686
f 557/557/557 686/686/686 685/685/685
f 558/558/558 559/559/559 687/687/687
f 558/558/558 687/687/687 686/686/686
f 559/559/559 560/560/560 688/688/688
f 559/559/559 688/688/688 687/687/687
f 560/560/560 561/561/561 689/689/689
f 560/560/560 689/689/689 688/688/688
f 561/561/561 562/562/562 690/690/690
f 561/561/561 690/690/690 689/689/689
f 562/562/562 563/563/563 691/691/691
f 562/562/562 691/691/691 690/690/690
f 563/563/563 564/564/564 692/692/692
f 563/563/563 692/692/692 691/691/691
f 564/564/564 565/565/565 693/693/693
f 564/564/564 693/693/693 692/692/692
f 565/565/565 566/566/566 694/694/694
f 565/565/565 694/694/694 693/693/693
f 566/566/566 567/567/567 695/695/695
f 566/566/566 695/695/695 694/694/694
f 567/567/567 568/568/568 696/696/696
f 567/567/567 696/696/696 695/695/695
f 568/568/568 569/569/569 697/697/697
f 568/568/568 697/697/697 696/696/696
f 569/569/569 570/570/570 698/698/698
f 569/569/569 698/698/698 697/697/697
f 570/570/570 571/571/571 699/699/699
f 570/570/570 699/699/699 698/698/698
f 571/571/571 572/572/572 700/700/700
f 571/571/571 700/700/700 699/699/699
f 572/572/572 573/573/573 701/701/701
f 572/572/572 701/701/701 700/700/700
f 573/573/573 574/574/574 702/702/702
f 573/573/573 702/702/702 701/701/701
f 574/574/574 575/575/575 703/703/703
f 574/574/574 703/703/703 702/702/702
f 575/575/575 576/576/576 704/704/704
f 575/575/575 704/704/704 703/703/703
f 576/576/576 577/577/577 705/705/705
f 576/576/576 705/705/705 704/704/704
f 577/577/577 578/578/578 706/706/706
f 577/577/577 706/706/706 705/705/705
f 578/578/578 579/579/579 707/707/707
f 578/578/578 707/707/707 706/706/706
f 579/579/579 580/580/580 708/708/708
f 579/579/579 708/708/708 707/707/707
f 580/580/580 581/581/581 709/709/709
f 580/580/580 709/709/709 708/708/708
f 581/581/581 582/582/582 710/710/710
f 581/581/581 710/710/710 709/709/709
f 582/582/582 583/583/583 711/711/711
f 582/582/582 711/711/711 710/710/710
f 583/583/583 584/584/584 712/712/712
f 583/583/583 712/712/712 711/711/711
f 584/584/584 585/585/585 713/713/713
f 584/584/584 713/713/713 712/712/712
f 585/585/585 586/586/586 714/714/714
f 585/585/585 714/714/714 713/713/713
f 586/586/586 587/587/587 715/715/715
f 586/586/586 715/715/715 714/714/714
f 587/587/587 588/588/588 716/716/716
f 587/587/587 716/716/716 715/715/715
f 588/588/588 589/589/589 717/717/717
f 588/588/588 717/717/717 716/716/716
f 589/589/589 590/590/590 718/718/718
f 589/589/589 718/718/718 717/717/717
f 590/590/590 591/591/591 719/719/719
f 590/590/590 719/719/719 718/718/718
f 591/591/591 592/592/592 720/720/720
f 591/591/591 720/720/720 719/719/719
f 592/592/592 593/593/593 721/721/721
f 592/592/592 721/721/721 720/720/720
f 593/593/593 594/594/594 722/722/722
f 593/593/593 722/722/722 721/721/721
f 594/594/594 595/595/595 723/723/723
f 594/594/594 723/723/723 722/722/722
f 595/595/595 596/596/596 724/724/724
f 595/595/595 724/724/724 723/723/723
f 596/596/596 597/597/597 725/725/725
f 596/596/596 725/725/725 724/724/724
f 597/597/597 598/598/598 726/726/726
f 597/597/597 726/726/726 725/725/725
f 598/598/598 599/599/599 727/727/727
f 598/598/598 727/727/727 726/726/726
f 599/599/599 600/600/600 728/728/728
f 599/599/599 728/728/728 727/727/727
f 600/600/600 601/601/601 729/729/729
f 600/600/600 729/729/729 728/728/728
f 601/601/601 602/602/602 730/730/730
f 601/601/601 730/730/730 729/729/729
f 602/602/602 603/603/603 731/731/731
f 602/602/602 731/731/731 730/730/730
f 603/603/603 604/604/604 732/732/732
f 603/603/603 732/732/732 731/731/731
f 604/604/604 605/605/605 733/733/733
f 604/604/604 733/733/733 732/732/732
f 605/605/605 606/606/606 734/734/734
f 605/605/605 734/734/734 733/733/733
f 606/606/606 607/607/607 735/735/735
f 606/606/606 735/735/735 734/734/734
f 607/607/607 608/608/608 736/736/736
f 607/607/607 736/736/736 735/735/735
f 608/608/608 609/609/609 737/737/737
f 608/608/608 737/737/737 736/736/736
f 609/609/609 610/610/610 738/738/738
f 609/609/609 738/738/738 737/737/737
f 610/610/610 611/611/611 739/739/739
f 610/610/610 739/739/739 738/738/738
f 611/611/611 612/612/612 740/740/740
f 611/611/611 740/740/740 739/739/739
f 612/612/612 613/613/613 741/741/741
f 612/612/612 741/741/741 740/740/740
f 613/613/613 614/614/614 742/742/742
f 613/613/613 742/742/742 741/741/741
f 614/614/614 615/615/615 743/743/743
f 614/614/614 743/743/743 742/742/742
f 615/615/615 616/616/616 744/744/744
f 615/615/615 744/744/744 743/743/743
f 616/616/616 617/617/617 745/745/745
f 616/616/616 745/745/745 744/744/744
f 617/617/617 618/618/618 746/746/746
f 617/617/617 746/746/746 745/745/745
f 618/618/618 619/619/619 747/747/747
f 618/618/618 747/747/747 746/746/746
f 619/619/619 620/620/620 748/748/748
f 619/619/619 748/748/748 747/747/747
f 620/620/620 621/621/621 749/749/749
f 620/620/620 749/749/749 748/748/748
f 621/621/621 622/622/622 750/750/750
f 621/621/621 750/750/750 749/749/749
f 622/622/622 623/623/623 751/751/751
f 622/622/622 751/751/751 750/750/750
f 623/623/623 624/624/624 752/752/752
f 623/623/623 752/752/752 751/751/751
f 624/624/624 625/625/625 753/753/753
f 624/624/624 753/753/753 752/752/752
f 625/625/625 626/626/626 754/754/754
f 625/625/625 754/754/754 753/753/753
f 626/626/626 627/627/627 755/755/755
f 626/626/626 755/755/755 754/754/754
f 627/627/627 628/628/628 756/756/756
f 627/627/627 756/756/756 755/755/755
f 628/628/628 629/629/629 757/757/757
f 628/628/628 757/757/757 756/756/756
f 629/629/629 630/630/630 758/758/758
f 629/629/629 758/758/758 757/757/757
f 630/630/630 631/631/631 759/759/759
f 630/630/630 759/759/759 758/758/758
f 631/631/631 632/632/632 760/760/760
f 631/631/631 760/760/760 759/759/759
f 632/632/632 633/633/633 761/761/761
f 632/632/632 761/761/761 760/760/760
f 633/633/633 634/634/634 762/762/762
f 633/633/633 762/762/762 761/761/761
f 634/634/634 635/635/635 763/763/763
f 634/634/634 763/763/763 762/762/762
f 635/635/635 636/636/636 764/764/764
f 635/635/635 764/764/764 763/763/763
f 636/636/636 637/637/637 765/765/765
f 636/636/636 765/765/765 764/764/764
f 637/637/637 638/638/638 766/766/766
f 637/637/637 766/766/766 765/765/765
f 638/638/638 639/639/639 767/767/767
f 638/638/638 767/767/767 766/766/766
f 639/639/639 640/640/640 768/768/768
f 639/639/639 768/768/768 767/767/767
f 640/640/640 513/513/513 641/641/641
f 640/640/640 641/641/641 768/768/768
f 641/641/641 642/642/642 770/770/770
f 641/641/641 770/770/770 769/769/769
f 642/642/642 643/643/643 771/771/771
f 642/642/642 771/771/771 770/770/770
f 643/643/643 644/644/644 772/772/772
f 643/643/643 772/772/772 771/771/771
f 644/644/644 645/645/645 773/773/773
f 644/644/644 773/773/773 772/772/772
f 645/645/645 646/646/646 774/774/774
f 645/645/645 774/774/774 773/773/773
f 646/646/646 647/647/647 775/775/775
f 646/646/646 775/775/775 774/774/774
f 647/647/647 648/648/648 776/776/776
f 647/647/647 776/776/776 775/775/775
f 648/648/648 649/649/649 777/777/777
f 648/648/648 777/777/777 776/776/776
f 649/649/649 650/650/650 778/778/778
f 649/649/649 778/778/778 777/777/777
f 650/650/650 651/651/651 779/779/779
f 650/650/650 779/779/779 778/778/778
f 651/651/651 652/652/652 780/780/780
f 651/651/651 780/780/780 779/779/779
f 652/652/652 653/653/653 781/781/781
f 652/652/652 781/781/781 780/780/780
f 653/653/653 654/654/654 782/782/782
f 653/653/653 782/782/782 781/781/781
f 654/654/654 655/655/655 783/783/783
f 654/654/654 783/783/783 782/782/782
f 655/655/655 656/656/656 784/784/784
f 655/655/655 784/784/784 783/783/783
f 656/656/656 657/657/657 785/785/785
f 656/656/656 785/785/785 784/784/784
f 657/657/657 658/658/658 786/786/786
f 657/657/657 786/786/786 785/785/785
f 658/658/658 659/659/659 787/787/787
f 658/658/658 787/787/787 786/786/786
f 659/659/659 660/660/660 788/788/788
f 659/659/659 788/788/788 787/787/787
f 660/660/660 661/661/661 789/789/789
f 660/660/660 789/789/789 788/788/788
f 661/661/661 662/662/662 790/790/790
f 661/661/661 790/790/790 789/789/789
f 662/662/662 663/663/663 791/791/791
f 662/662/662 791/791/791 790/790/790
f 663/663/663 664/664/664 792/792/792
f 663/663/663 792/792/792 791/791/791
f 664/664/664 665/665/665 793/793/793
f 664/664/664 793/793/793 792/792/792
f 665/665/665 666/666/666 794/794/794
f 665/665/665 794/794/794 793/793/793
f 666/666/666 667/667/667 795/795/795
f 666/666/666 795/795/795 794/794/794
f 667/667/667 668/668/668 796/796/796
f 667/667/667 796/796/796 795/795/795
f 668/668/668 669/669/669 797/797/797
f 668/668/668 797/797/797 796/796/796
f 669/669/669 670/670/670 798/798/798
f 669/669/669 798/798/798 797/797/797
f 670/670/670 671/671/671 799/799/799
f 670/670/670 799/799/799 798/798/798
f 671/671/671 672/672/672 800/800/800
f 671/671/671 800/800/800 799/799/799
f 672/672/672 673/673/673 801/801/801
f 672/672/672 801/801/801 800/800/800
f 673/673/673 674/674/674 802/802/802
f 673/673/673 802/802/802 801/801/801
f 674/674/674 675/675/675 803/803/803
f 674/674/674 803/803/803 802/802/802
f 675/675/675 676/676/676 804/804/804
f 675/675/675 804/804/804 803/803/803
f 676/676/676 677/677/677 805/805/805
f 676/676/676 805/805/805 804/804/804
f 677/677/677 678/678/678 806/806/806
f 677/677/677 806/806/806 805/805/805
f 678/678/678 679/679/679 807/807/807
f 678/678/678 807/807/807 806/806/806
f 679/679/679 680/680/680 808/808/808
f 679/679/679 808/808/808 807/807/807
f 680/680/680 681/681/681 809/809/809
f 680/680/680 809/809/809 808/808/808
f 681/681/681 682/682/682 810/810/810
f 681/681/681 810/810/810 809/809/809
f 682/682/682 683/683/683 811/811/811
f 682/682/682 811/811/811 810/810/810
f 683/683/683 684/684/684 812/812/812
f 683/683/683 812/812/812 811/811/811
f 684/684/684 685/685/685 813/813/813
f 684/684/684 813/813/813 812/812/812
f 685/685/685 686/686/686 814/814/814
f 685/685/685 814/814/814 813/813/813
f 686/686/686 687/687/687 815/815/815
f 686/686/686 815/815/815 814/814/814
f 687/687/687 688/688/688 816/816/816
f 687/687/687 816/816/816 815/815/815
f 688/688/688 689/689/689 817/817/817
f 688/688/688 817/817/817 816/816/816
f 689/689/689 690/690/690 818/818/818
f 689/689/689 818/818/818 817/817/817
f 690/690/690 691/691/691 819/819/819
f 690/690/690 819/819/819 818/818/818
f 691/691/691 692/692/692 820/820/820
f 691/691/691 820/820/820 819/819/819
f 692/692/692 693/693/693 821/821/821
f 692/692/692 821/821/821 820/820/820
f 693/693/693 694/694/694 822/822/822
f 693/693/693 822/822/822 821/821/821
f 694/694/694 695/695/695 823/823/823
f 694/694/694 823/823/823 822/822/822
f 695/695/695 696/696/696 824/824/824
f 695/695/695 824/824/824 823/823/823
f 696/696/696 697/697/697 825/825/825
f 696/696/696 825/825/825 824/824/824
f 697/697/697 698/698/698 826/826/826
f 697/697/697 826/826/826 825/825/825
f 698/698/698 699/699/699 827/827/827
f 698/698/698 827/827/827 826/826/826
f 699/699/699 700/700/700 828/828/828
f 699/699/699 828/828/828 827/827/827
f 700/700/700 701/701/701 829/829/829
f 700/700/700 829/829/829 828/828/828
f 701/701/701 702/702/702 830/830/830
f 701/701/701 830/830/830 829/829/829
f 702/702/702 703/703/703 831/831/831
f 702/702/702 831/831/831 830/830/830
f 703/703/703 704/704/704 832/832/832
f 703/703/703 832/832/832 831/831/831
f 704/704/704 705/705/705 833/833/833
f 704/704/704 833/833/833 832/832/832
f 705/705/705 706/706/706 834/834/834
f 705/705/705 834/834/834 833/833/833
f 706/706/706 707/707/707 835/835/835
f 706/706/706 835/835/835 834/834/834
f 707/707/707 708/708/708 836/836/836
f 707/707/707 836/836/836 835/835/835
f 708/708/708 709/709/709 837/837/837
f 708/708/708 837/837/837 836/836/836
f 709/709/709 710/710/710 838/838/838
f 709/709/709 838/838/838 837/837/837
f 710/710/710 711/711/711 839/839/839
f 710/710/710 839/839/839 838/838/838
f 711/711/711 712/712/712 840/840/840
f 711/711/711 840/840/840 839/839/839
f 712/712/712 713/713/713 841/841/841
f 712/712/712 841/841/841 840/840/840
f 713/713/713 714/714/714 842/842/842
f 713/713/713 842/842/842 841/841/841
f 714/714/714 715/715/715 843/843/843
f 714/714/714 843/843/843 842/842/842
f 715/715/715 716/716/716 844/844/844
f 715/715/715 844/844/844 843/843/843
f 716/716/716 717/717/717 845/845/845
f 716/716/716 845/845/845 844/844/844
f 717/717/717 718/718/718 846/846/846
f 717/717/717 846/846/846 845/845/845
f 718/718/718 719/719/719 847/847/847
f 718/718/718 847/847/847 846/846/846
f 719/719/719 720/720/720 848/848/848
f 719/719/719 848/848/848 847/847/847
f 720/720/720 721/721/721 849/849/849
f 720/720/720 849/849/849 848/848/848
f 721/721/721 722/722/722 850/850/850
f 721/721/721 850/850/850 849/849/849
f 722/722/722 723/723/723 851/851/851
f 722/722/722 851/851/851 850/850/850
f 723/723/723 724/724/724 852/852/852
f 723/723/723 852/852/852 851/851/851
f 724/724/724 725/725/725 853/853/853
f 724/724/724 853/853/853 852/852/852
f 725/725/725 726/726/726 854/854/854
f 725/725/725 854/854/854 853/853/853
f 726/726/726 727/727/727 855/855/855
f 726/726/726 855/855/855 854/854/854
f 727/727/727 728/728/728 856/856/856
f 727/727/727 856/856/856 855/855/855
f 728/728/728 729/729/729 857/857/857
f 728/728/728 857/857/857 856/856/856
f 729/729/729 730/730/730 858/858/858
f 729/729/729 858/858/858 857/857/857
f 730/730/730 731/731/731 859/859/859
f 730/730/730 859/859/859 858/858/858
f 731/731/731 732/732/732 860/860/860
f 731/731/731 860/860/860 859/859/859
f 732/732/732 733/733/733 861/861/861
f 732/732/732 861/861/861 860/860/860
f 733/733/733 734/734/734 862/862/862
f 733/733/733 862/862/862 861/861/861
f 734/734/734 735/735/735 863/863/863
f 734/734/734 863/863/863 862/862/862
f 735/735/735 736/736/736 864/864/864
f 735/735/735 864/864/864 863/863/863
f 736/736/736 737/737/737 865/865/865
f 736/736/736 865/865/865 864/864/864
f 737/737/737 738/738/738 866/866/866
f 737/737/737 866/866/866 865/865/865
f 738/738/738 739/739/739 867/867/867
f 738/738/738 867/867/867 866/866/866
f 739/739/739 740/740/740 868/868/868
f 739/739/739 868/868/868 867/867/867
f 740/740/740 741/741/741 869/869/869
f 740/740/740 869/869/869 868/868/868
f 741/741/741 742/742/742 870/870/870
f 741/741/741 870/870/870 869/869/869
f 742/742/742 743/743/743 871/871/871
f 742/742/742 871/871/871 870/870/870
f 743/743/743 744/744/744 872/872/872
f 743/743/743 872/872/872 871/871/871
f 744/744/744 745/745/745 873/873/873
f 744/744/744 873/873/873 872/872/872
f 745/745/745 746/746/746 874/874/874
f 745/745/745 874/874/874 873/873/873
f 746/746/746 747/747/747 875/875/875
f 746/746/746 875/875/875 874/874/874
f 747/747/747 748/748/748 876/876/876
f 747/747/747 876/876/876 875/875/875
f 748/748/748 749/749/749 877/877/877
f 748/748/748 877/877/877 876/876/876
f 749/749/749 750/750/750 878/878/878
f 749/749/749 878/878/878 877/877/877
f 750/750/750 751/751/751 879/879/879
f 750/750/750 879/879/879 878/878/878
f 751/751/751 752/752/752 880/880/880
f 751/751/751 880/880/880 879/879/879
f 752/752/752 753/753/753 881/881/881
f 752/752/752 881/881/881 880/880/880
f 753/753/753 754/754/754 882/882/882
f 753/753/753 882/882/882 881/881/881
f 754/754/754 755/755/755 883/883/883
f 754/754/754 883/883/883 882/882/882
f 755/755/755 756/756/756 884/884/884
f 755/755/755 884/884/884 883/883/883
f 756/756/756 757/757/757 885/885/885
f 756/756/756 885/885/885 884/884/884
f 757/757/757 758/758/758 886/886/886
f 757/757/757 886/886/886 885/885/885
f 758/758/758 759/759/759 887/887/887
f 758/758/758 887/887/887 886/886/886
f 759/759/759 760/760/760 888/888/888
f 759/759/759 888/888/888 887/887/887
f 760/760/760 761/761/761 889/889/889
f 760/760/760 889/889/889 888/888/888
f 761/761/761 762/762/762 890/890/890
f 761/761/761 890/890/890 889/889/889
f 762/762/762 763/763/763 891/891/891
f 762/762/762 891/891/891 890/890/890
f 763/763/763 764/764/764 892/892/892
f 763/763/763 892/892/892 891/891/891
f 764/764/764 765/765/765 893/893/893
f 764/764/764 893/893/893 892/892/892
f 765/765/765 766/766/766 894/894/894
f 765/765/765 894/894/894 893/893/893
f 766/766/766 767/767/767 895/895/895
f 766/766/766 895/895/895 894/894/894
f 767/767/767 768/768/768 896/896/896
f 767/767/767 896/896/896 895/895/895
f 768/768/768 641/641/641 769/769/769
f 768/768/768 769/769/769 896/896/896
f 769/769/769 770/770/770 897/897/897
f 770/770/770 771/771/771 897/897/897
f 771/771/771 772/772/772 897/897/897
f 772/772/772 773/773/773 897/897/897
f 773/773/773 774/774/774 897/897/897
f 774/774/774 775/775/775 897/897/897
f 775/775/775 776/776/776 897/897/897
f 776/776/776 777/777/777 897/897/897
f 777/777/777 778/778/778 897/897/897
f 778/778/778 779/779/779 897/897/897
f 779/779/779 780/780/780 897/897/897
f 780/780/780 781/781/781 897/897/897
f 781/781/781 782/782/782 897/897/897
f 782/782/782 783/783/783 897/897/897
f 783/783/783 784/784/784 897/897/897
f 784/784/784 785/785/785 898/898/898
f 784/784/784 898/898/898 897/897/897
f 785/785/785 786/786/786 898/898/898
f 786/786/786 787/787/787 898/898/898
f 787/787/787 788/788/788 898/898/898
f 788/788/788 789/789/789 898/898/898
f 789/789/789 790/790/790 898/898/898
f 790/790/790 791/791/791 898/898/898
f 791/791/791 792/792/792 898/898/898
f 792/792/792 793/793/793 898/898/898
f 793/793/793 794/794/794 898/898/898
f 794/794/794 795/795/795 898/898/898
f 795/795/795 796/796/796 898/898/898
f 796/796/796 797/797/797 898/898/898
f 797/797/797 798/798/798 898/898/898
f 798/798/798 799/799/799 898/898/898
f 799/799/799 800/800/800 898/898/898
f 800/800/800 801/801/801 899/899/899
f 800/800/800 899/899/899 898/898/898
f 801/801/801 802/802/802 899/899/899
f 802/802/802 803/803/803 899/899/899
f 803/803/803 804/804/804 899/899/899
f 804/804/804 805/805/805 899/899/899
f 805/805/805 806/806/806 899/899/899
f 806/806/806 807/807/807 899/899/899
f 807/807/807 808/808/808 899/899/899
f 808/808/808 809/809/809 899/899/899
f 809/809/809 810/810/810 899/899/899
f 810/810/810 811/811/811 899/899/899
f 811/811/811 812/812/812 899/899/899
f 812/812/812 813/813/813 899/899/899
f 813/813/813 814/814/814 899/899/899
f 814/814/814 815/815/815 899/899/899
f 815/815/815 816/816/816 899/899/899
f 816/816/816 817/817/817 900/900/900
f 816/816/816 900/900/900 899/899/899
f 817/817/817 818/818/818 900/900/900
f 818/818/818 819/819/819 900/900/900
f 819/819/819 820/820/820 900/900/900
f 820/820/820 821/821/821 900/900/900
f 821/821/821 822/822/822 900/900/900
f 822/822/822 823/823/823 900/900/900
f 823/823/823 824/824/824 900/900/900
f 824/824/824 825/825/825 900/900/900
f 825/825/825 826/826/826 900/900/900
f 826/826/826 827/827/827 900/900/900
f 827/827/827 828/828/828 900/900/900
f 828/828/828 829/829/829 900/900/900
f 829/829/829 830/830/830 900/900/900
f 830/830/830 831/831/831 900/900/900
f 831/831/831 832/832/832 900/900/900
f 832/832/832 833/833/833 901/901/901
f 832/832/832 901/901/901 900/900/900
f 833/833/833 834/834/834 901/901/901
f 834/834/834 835/835/835 901/901/901
f 835/835/835 836/836/836 901/901/901
f 836/836/836 837/837/837 901/901/901
f 837/837/837 838/838/838 901/901/901
f 838/838/838 839/839/839 901/901/901
f 839/839/839 840/840/840 901/901/901
f 840/840/840 841/841/841 901/901/901
f 841/841/841 842/842/842 901/901/901
f 842/842/842 843/843/843 901/901/901
f 843/843/843 844/844/844 901/901/901
f 844/844/844 845/845/845 901/901/901
f 845/845/845 846/846/846 901/901/901
f 846/846/846 847/847/847 901/901/901
f 847/847/847 848/848/848 901/901/901
f 848/848/848 849/849/849 902/902/902
f 848/848/848 902/902/902 901/901/901
f 849/849/849 850/850/850 902/902/902
f 850/850/850 851/851/851 902/902/902
f 851/851/851 852/852/852 902/902/902
f 852/852/852 853/853/853 902/902/902
f 853/853/853 854/854/854 902/902/902
f 854/854/854 855/855/855 902/902/902
f 855/855/855 856/856/856 902/902/902
f 856/856/856 857/857/857 902/902/902
f 857/857/857 858/858/858 902/902/902
f 858/858/858 859/859/859 902/902/902
f 859/859/859 860/860/860 902/902/902
f 860/860/860 861/861/861 902/902/902
f 861/861/861 862/862/862 902/902/902
f 862/862/862 863/863/863 902/902/902
f 863/863/863 864/864/864 902/902/902
f 864/864/864 865/865/865 903/903/903
f 864/864/864 903/903/903 902/902/902
f 865/865/865 866/866/866 903/903/903
f 866/866/866 867/867/867 903/903/903
f 867/867/867 868/868/868 903/903/903
f 868/868/868 869/869/869 903/903/903
f 869/869/869 870/870/870 903/903/903
f 870/870/870 871/871/871 903/903/903
f 871/871/871 872/872/872 903/903/903
f 872/872/872 873/873/873 903/903/903
f 873/873/873 874/874/874 903/903/903
f 874/874/874 875/875/875 903/903/903
f 875/875/875 876/876/876 903/903/903
f 876/876/876 877/877/877 903/903/903
f 877/877/877 878/878/878 903/903/903
f 878/878/878 879/879/879 903/903/903
f 879/879/879 880/880/880 903/903/903
f 880/880/880 881/881/881 904/904/904
f 880/880/880 904/904/904 903/903/903
f 881/881/881 882/882/882 904/904/904
f 882/882/882 883/883/883 904/904/904
f 883/883/883 884/884/884 904/904/904
f 884/884/884 885/885/885 904/904/904
f 885/885/885 886/886/886 904/904/904
f 886/886/886 887/887/887 904/904/904
f 887/887/887 888/888/888 904/904/904
f 888/888/888 889/889/889 904/904/904
f 889/889/889 890/890/890 904/904/904
f 890/890/890 891/891/891 904/904/904
f 891/891/891 892/892/892 904/904/904
f 892/892/892 893/893/893 904/904/904
f 893/893/893 894/894/894 904/904/904
f 894/894/894 895/895/895 904/904/904
f 895/895/895 896/896/896 904/904/904
f 896/896/896 769/769/769 897/897/897
f 896/896/896 897/897/897 904/904/904
f 1/1/1 905/905/905 906/906/906
f 1/1/1 906/906/906 2/2/2
f 2/2/2 906/906/906 907/907/907
f 2/2/2 907/907/907 3/3/3
f 3/3/3 907/907/907 908/908/908
f 3/3/3 908/908/908 4/4/4
f 4/4/4 908/908/908 909/909/909
f 4/4/4 909/909/909 5/5/5
f 5/5/5 909/909/909 910/910/910
f 5/5/5 910/910/910 6/6/6
f 6/6/6 910/910/910 911/911/911
f 6/6/6 911/911/911 7/7/7
f 7/7/7 911/911/911 912/912/912
f 7/7/7 912/912/912 8/8/8
f 8/8/8 912/912/912 913/913/913
f 8/8/8 913/913/913 9/9/9
f 9/9/9 913/913/913 914/914/914
f 9/9/9 914/914/914 10/10/10
f 10/10/10 914/914/914 915/915/915
f 10/10/10 915/915/915 11/11/11
f 11/11/11 915/915/915 916/916/916
f 11/11/11 916/916/916 12/12/12
f 12/12/12 916/916/916 917/917/917
f 12/12/12 917/917/917 13/13/13
f 13/13/13 917/917/917 918/918/918
f 13/13/13 918/918/918 14/14/14
f 14/14/14 918/918/918 919/919/919
f 14/14/14 919/919/919 15/15/15
f 15/15/15 919/919/919 920/920/920
f 15/15/15 920/920/920 16/16/16
f 16/16/16 920/920/920 921/921/921
f 16/16/16 921/921/921 17/17/17
f 17/17/17 921/921/921 922/922/922
f 17/17/17 922/922/922 18/18/18
f 18/18/18 922/922/922 923/923/923
f 18/18/18 923/923/923 19/19/19
f 19/19/19 923/923/923 924/924/924
f 19/19/19 924/924/924 20/20/20
f 20/20/20 924/924/924 925/925/925
f 20/20/20 925/925/925 21/21/21
f 21/21/21 925/925/925 926/926/926
f 21/21/21 926/926/926 22/22/22
f 22/22/22 926/926/926 927/927/927
f 22/22/22 927/927/927 23/23/23
f 23/23/23 927/927/927 928/928/928
f 23/23/23 928/928/928 24/24/24
f 24/24/24 928/928/928 929/929/929
f 24/24/24 929/929/929 25/25/25
f 25/25/25 929/929/929 930/930/930
f 25/25/25 930/930/930 26/26/26
f 26/26/26 930/930/930 931/931/931
f 26/26/26 931/931/931 27/27/27
f 27/27/27 931/931/931 932/932/932
f 27/27/27 932/932/932 28/28/28
f 28/28/28 932/932/932 933/933/933
f 28/28/28 933/933/933 29/29/29
f 29/29/29 933/933/933 934/934/934
f 29/29/29 934/934/934 30/30/30
f 30/30/30 934/934/934 935/935/935
f 30/30/30 935/935/935 31/31/31
f 31/31/31 935/935/935 936/936/936
f 31/31/31 936/936/936 32/32/32
f 32/32/32 936/936/936 937/937/937
f 32/32/32 937/937/937 33/33/33
f 33/33/33 937/937/937 938/938/938
f 33/33/33 938/938/938 34/34/34
f 34/34/34 938/938/938 939/939/939
f 34/34/34 939/939/939 35/35/35
f 35/35/35 939/939/939 940/940/940
f 35/35/35 940/940/940 36/36/36
f 36/36/36 940/940/940 941/941/941
f 36/36/36 941/941/941 37/37/37
f 37/37/37 941/941/941 942/942/942
f 37/37/37 942/942/942 38/38/38
f 38/38/38 942/942/942 943/943/943
f 38/38/38 943/943/943 39/39/39
f 39/39/39 943/943/943 944/944/944
f 39/39/39 944/944/944 40/40/40
f 40/40/40 944/944/944 945/945/945
f 40/40/40 945/945/945 41/41/41
f 41/41/41 945/945/945 946/946/946
f 41/41/41 946/946/946 42/42/42
f 42/42/42 946/946/946 947/947/947
f 42/42/42 947/947/947 43/43/43
f 43/43/43 947/947/947 948/948/948
f 43/43/43 948/948/948 44/44/44
f 44/44/44 948/948/948 949/949/949
f 44/44/44 949/949/949 45/45/45
f 45/45/45 949/949/949 950/950/950
f 45/45/45 950/950/950 46/46/46
f 46/46/46 950/950/950 951/951/951
f 46/46/46 951/951/951 47/47/47
f 47/47/47 951/951/951 952/952/952
f 47/47/47 952/952/952 48/48/48
f 48/48/48 952/952/952 953/953/953
f 48/48/48 953/953/953 49/49/49
f 49/49/49 953/953/953 954/954/954
f 49/49/49 954/954/954 50/50/50
f 50/50/50 954/954/954 955/955/955
f 50/50/50 955/955/955 51/51/51
f 51/51/51 955/955/955 956/956/956
f 51/51/51 956/956/956 52/52/52
f 52/52/52 956/956/956 957/957/957
f 52/52/52 957/957/957 53/53/53
f 53/53/53 957/957/957 958/958/958
f 53/53/53 958/958/958 54/54/54
f 54/54/54 958/958/958 959/959/959
f 54/54/54 959/959/959 55/55/55
f 55/55/55 959/959/959 960/960/960
f 55/55/55 960/960/960 56/56/56
f 56/56/56 960/960/960 961/961/961
f 56/56/56 961/961/961 57/57/57
f 57/57/57 961/961/961 962/962/962
f 57/57/57 962/962/962 58/58/58
f 58/58/58 962/962/962 963/963/963
f 58/58/58 963/963/963 59/59/59
f 59/59/59 963/963/963 964/964/964
f 59/59/59 964/964/964 60/60/60
f 60/60/60 964/964/964 965/965/965
f 60/60/60 965/965/965 61/61/61
f 61/61/61 965/965/965 966/966/966
f 61/61/61 966/966/966 62/62/62
f 62/62/62 966/966/966 967/967/967
f 62/62/62 967/967/967 63/63/63
f 63/63/63 967/967/967 968/968/968
f 63/63/63 968/968/968 64/64/64
f 64/64/64 968/968/968 969/969/969
f 64/64/64 969/969/969 65/65/65
f 65/65/65 969/969/969 970/970/970
f 65/65/65 970/970/970 66/66/66
f 66/66/66 970/970/970 971/971/971
f 66/66/66 971/971/971 67/67/67
f 67/67/67 971/971/971 972/972/972
f 67/67/67 972/972/972 68/68/68
f 68/68/68 972/972/972 973/973/973
f 68/68/68 973/973/973 69/69/69
f 69/69/69 973/973/973 974/974/974
f 69/69/69 974/974/974 70/70/70
f 70/70/70 974/974/974 975/975/975
f 70/70/70 975/975/975 71/71/71
f 71/71/71 975/975/975 976/976/976
f 71/71/71 976/976/976 72/72/72
f 72/72/72 976/976/976 977/977/977
f 72/72/72 977/977/977 73/73/73
f 73/73/73 977/977/977 978/978/978
f 73/73/73 978/978/978 74/74/74
f 74/74/74 978/978/978 979/979/979
f 74/74/74 979/979/979 75/75/75
f 75/75/75 979/979/979 980/980/980
f 75/75/75 980/980/980 76/76/76
f 76/76/76 980/980/980 981/981/981
f 76/76/76 981/981/981 77/77/77
f 77/77/77 981/981/981 982/982/982
f 77/77/77 982/982/982 78/78/78
f 78/78/78 982/982/982 983/983/983
f 78/78/78 983/983/983 79/79/79
f 79/79/79 983/983/983 984/984/984
f 79/79/79 984/984/984 80/80/80
f 80/80/80 984/984/984 985/985/985
f 80/80/80 985/985/985 81/81/81
f 81/81/81 985/985/985 986/986/986
f 81/81/81 986/986/986 82/82/82
f 82/82/82 986/986/986 987/987/987
f 82/82/82 987/987/987 83/83/83
f 83/83/83 987/987/987 988/988/988
f 83/83/83 988/988/988 84/84/84
f 84/84/84 988/988/988 989/989/989
f 84/84/84 989/989/989 85/85/85
f 85/85/85 989/989/989 990/990/990
f 85/85/85 990/990/990 86/86/86
f 86/86/86 990/990/990 991/991/991
f 86/86/86 991/991/991 87/87/87
f 87/87/87 991/991/991 992/992/992
f 87/87/87 992/992/992 88/88/88
f 88/88/88 992/992/992 993/993/993
f 88/88/88 993/993/993 89/89/89
f 89/89/89 993/993/993 994/994/994
f 89/89/89 994/994/994 90/90/90
f 90/90/90 994/994/994 995/995/995
f 90/90/90 995/995/995 91/91/91
f 91/91/91 995/995/995 996/996/996
f 91/91/91 996/996/996 92/92/92
f 92/92/92 996/996/996 997/997/997
f 92/92/92 997/997/997 93/93/93
f 93/93/93 997/997/997 998/998/998
f 93/93/93 998/998/998 94/94/94
f 94/94/94 998/998/998 999/999/999
f 94/94/94 999/999/999 95/95/95
f 95/95/95 999/999/999 1000/1000/1000
f 95/95/95 1000/1000/1000 96/96/96
f 96/96/96 1000/1000/1000 1001/1001/1001
f 96/96/96 1001/1001/1001 97/97/97
f 97/97/97 1001/1001/1001 1002/1002/1002
f 97/97/97 1002/1002/1002 98/98/98
f 98/98/98 1002/1002/1002 1003/1003/1003
f 98/98/98 1003/1003/1003 99/99/99
f 99/99/99 1003/1003/1003 1004/1004/1004
f 99/99/99 1004/1004/1004 100/100/100
f 100/100/100 1004/1004/1004 1005/1005/1005
f 100/100/100 1005/1005/1005 101/101/101
f 101/101/101 1005/1005/1005 1006/1006/1006
f 101/101/101 1006/1006/1006 102/102/102
f 102/102/102 1006/1006/1006 1007/1007/1007
f 102/102/102 1007/1007/1007 103/103/103
f 103/103/103 1007/1007/1007 1008/1008/1008
f 103/103/103 1008/1008/1008 104/104/104
f 104/104/104 1008/1008/1008 1009/1009/1009
f 104/104/104 1009/1009/1009 105/105/105
f 105/105/105 1009/1009/1009 1010/1010/1010
f 105/105/105 1010/1010/1010 106/106/106
f 106/106/106 1010/1010/1010 1011/1011/1011
f 106/106/106 1011/1011/1011 107/107/107
f 107/107/107 1011/1011/1011 1012/1012/1012
f 107/107/107 1012/1012/1012 108/108/108
f 108/108/108 1012/1012/1012 1013/1013/1013
f 108/108/108 1013/1013/1013 109/109/109
f 109/109/109 1013/1013/1013 1014/1014/1014
f 109/109/109 1014/1014/1014 110/110/110
f 110/110/110 1014/1014/1014 1015/1015/1015
f 110/110/110 1015/1015/1015 111/111/111
f 111/111/111 1015/1015/1015 1016/1016/1016
f 111/111/111 1016/1016/1016 112/112/112
f 112/112/112 1016/1016/1016 1017/1017/1017
f 112/112/112 1017/1017/1017 113/113/113
f 113/113/113 1017/1017/1017 1018/1018/1018
f 113/113/113 1018/1018/1018 114/114/114
f 114/114/114 1018/1018/1018 1019/1019/1019
f 114/114/114 1019/1019/1019 115/115/115
f 115/115/115 1019/1019/1019 1020/1020/1020
f 115/115/115 1020/1020/1020 116/116/116
f 116/116/116 1020/1020/1020 1021/1021/1021
f 116/116/116 1021/1021/1021 117/117/117
f 117/117/117 1021/1021/1021 1022/1022/1022
f 117/117/117 1022/1022/1022 118/118/118
f 118/118/118 1022/1022/1022 1023/1023/1023
f 118/118/118 1023/1023/1023 119/119/119
f 119/119/119 1023/1023/1023 1024/1024/1024
f 119/119/119 1024/1024/1024 120/120/120
f 120/120/120 1024/1024/1024 1025/1025/1025
f 120/120/120 1025/1025/1025 121/121/121
f 121/121/121 1025/1025/1025 1026/1026/1026
f 121/121/121 1026/1026/1026 122/122/122
f 122/122/122 1026/1026/1026 1027/1027/1027
f 122/122/122 1027/1027/1027 123/123/123
f 123/123/123 1027/1027/1027 1028/1028/1028
f 123/123/123 1028/1028/1028 124/124/124
f 124/124/124 1028/1028/1028 1029/1029/1029
f 124/124/124 1029/1029/1029 125/125/125
f 125/125/125 1029/1029/1029 1030/1030/1030
f 125/125/125 1030/1030/1030 126/126/126
f 126/126/126 1030/1030/1030 1031/1031/1031
f 126/126/126 1031/1031/1031 127/127/127
f 127/127/127 1031/1031/1031 1032/1032/1032
f 127/127/127 1032/1032/1032 128/128/128
f 128/128/128 1032/1032/1032 905/905/905
f 128/128/128 905/905/905 1/1/1
f 905/905/905 1033/1033/1033 1034/1034/1034
f 905/905/905 1034/1034/1034 906/906/906
f 906/906/906 1034/1034/1034 1035/1035/1035
f 906/906/906 1035/1035/1035 907/907/907
f 907/907/907 1035/1035/1035 1036/1036/1036
f 907/907/907 1036/1036/1036 908/908/908
f 908/908/908 1036/1036/1036 1037/1037/1037
f 908/908/908 1037/1037/1037 909/909/909
f 909/909/909 1037/1037/1037 1038/1038/1038
f 909/909/909 1038/1038/1038 910/910/910
f 910/910/910 1038/1038/1038 1039/1039/1039
f 910/910/910 1039/1039/1039 911/911/911
f 911/911/911 1039/1039/1039 1040/1040/1040
f 911/911/911 1040/1040/1040 912/912/912
f 912/912/912 1040/1040/1040 1041/1041/1041
f 912/912/912 1041/1041/1041 913/913/913
f 913/913/913 1041/1041/1041 1042/1042/1042
f 913/913/913 1042/1042/1042 914/914/914
f 914/914/914 1042/1042/1042 1043/1043/1043
f 914/914/914 1043/1043/1043 915/915/915
f 915/915/915 1043/1043/1043 1044/1044/1044
f 915/915/915 1044/1044/1044 916/916/916
f 916/916/916 1044/1044/1044 1045/1045/1045
f 916/916/916 1045/1045/1045 917/917/917
f 917/917/917 1045/1045/1045 1046/1046/1046
f 917/917/917 1046/1046/1046 918/918/918
f 918/918/918 1046/1046/1046 1047/1047/1047
f 918/918/918 1047/1047/1047 919/919/919
f 919/919/919 1047/1047/1047 1048/1048/1048
f 919/919/919 1048/1048/1048 920/920/920
f 920/920/920 1048/1048/1048 1049/1049/1049
f 920/920/920 1049/1049/1049 921/921/921
f 921/921/921 1049/1049/1049 1050/1050/1050
f 921/921/921 1050/1050/1050 922/922/922
f 922/922/922 1050/1050/1050 1051/1051/1051
f 922/922/922 1051/1051/1051 923/923/923
f 923/923/923 1051/1051/1051 1052/1052/1052
f 923/923/923 1052/1052/1052 924/924/924
f 924/924/924 1052/1052/1052 1053/1053/1053
f 924/924/924 1053/1053/1053 925/925/925
f 925/925/925 1053/1053/1053 1054/1054/1054
f 925/925/925 1054/1054/1054 926/926/926
f 926/926/926 1054/1054/1054 1055/1055/1055
f 926/926/926 1055/1055/1055 927/927/927
f 927/927/927 1055/1055/1055 1056/1056/1056
f 927/927/927 1056/1056/1056 928/928/928
f 928/928/928 1056/1056/1056 1057/1057/1057
f 928/928/928 1057/1057/1057 929/929/929
f 929/929/929 1057/1057/1057 1058/1058/1058
f 929/929/929 1058/1058/1058 930/930/930
f 930/930/930 1058/1058/1058 1059/1059/1059
f 930/930/930 1059/1059/1059 931/931/931
f 931/931/931 1059/1059/1059 1060/1060/1060
f 931/931/931 1060/1060/1060 932/932/932
f 932/932/932 1060/1060/1060 1061/1061/1061
f 932/932/932 1061/1061/1061 933/933/933
f 933/933/933 1061/1061/1061 1062/1062/1062
f 933/933/933 1062/1062/1062 934/934/934
f 934/934/934 1062/1062/1062 1063/1063/1063
f 934/934/934 1063/1063/1063 935/935/935
f 935/935/935 1063/1063/1063 1064/1064/1064
f 935/935/935 1064/1064/1064 936/936/936
f 936/936/936 1064/1064/1064 1065/1065/1065
f 936/936/936 1065/1065/1065 937/937/937
f 937/937/937 1065/1065/1065 1066/1066/1066
f 937/937/937 1066/1066/1066 938/938/938
f 938/938/938 1066/1066/1066 1067/1067/1067
f 938/938/938 1067/1067/1067 939/939/939
f 939/939/939 1067/1067/1067 1068/1068/1068
f 939/939/939 1068/1068/1068 940/940/940
f 940/940/940 1068/1068/1068 1069/1069/1069
f 940/940/940 1069/1069/1069 941/941/941
f 941/941/941 1069/1069/1069 1070/1070/1070
f 941/941/941 1070/1070/1070 942/942/942
f 942/942/942 1070/1070/1070 1071/1071/1071
f 942/942/942 1071/1071/1071 943/943/943
f 943/943/943 1071/1071/1071 1072/1072/1072
f 943/943/943 1072/1072/1072 944/944/944
f 944/944/944 1072/1072/1072 1073/1073/1073
f 944/944/944 1073/1073/1073 945/945/945
f 945/945/945 1073/1073/1073 1074/1074/1074
f 945/945/945 1074/1074/1074 946/946/946
f 946/946/946 1074/1074/1074 1075/1075/1075
f 946/946/946 1075/1075/1075 947/947/947
f 947/947/947 1075/1075/1075 1076/1076/1076
f 947/947/947 1076/1076/1076 948/948/948
f 948/948/948 1076/1076/1076 1077/1077/1077
f 948/948/948 1077/1077/1077 949/949/949
f 949/949/949 1077/1077/1077 1078/1078/1078
f 949/949/949 1078/1078/1078 950/950/950
f 950/950/950 1078/1078/1078 1079/1079/1079
f 950/950/950 1079/1079/1079 951/951/951
f 951/951/951 1079/1079/1079 1080/1080/1080
f 951/951/951 1080/1080/1080 952/952/952
f 952/952/952 1080/1080/1080 1081/1081/1081
f 952/952/952 1081/1081/1081 953/953/953
f 953/953/953 1081/1081/1081 1082/1082/1082
f 953/953/953 1082/1082/1082 954/954/954
f 954/954/954 1082/1082/1082 1083/1083/1083
f 954/954/954 1083/1083/1083 955/955/955
f 955/955/955 1083/1083/1083 1084/1084/1084
f 955/955/955 1084/1084/1084 956/956/956
f 956/956/956 1084/1084/1084 1085/1085/1085
f 956/956/956 1085/1085/1085 957/957/957
f 957/957/957 1085/1085/1085 1086/1086/1086
f 957/957/957 1086/1086/1086 958/958/958
f 958/958/958 1086/1086/1086 1087/1087/1087
f 958/958/958 1087/1087/1087 959/959/959
f 959/959/959 1087/1087/1087 1088/1088/1088
f 959/959/959 1088/1088/1088 960/960/960
f 960/960/960 1088/1088/1088 1089/1089/1089
f 960/960/960 1089/1089/1089 961/961/961
f 961/961/961 1089/1089/1089 1090/1090/1090
f 961/961/961 1090/1090/1090 962/962/962
f 962/962/962 1090/1090/1090 1091/1091/1091
f 962/962/962 1091/1091/1091 963/963/963
f 963/963/963 1091/1091/1091 1092/1092/1092
f 963/963/963 1092/1092/1092 964/964/964
f 964/964/964 1092/1092/1092 1093/1093/1093
f 964/964/964 1093/1093/1093 965/965/965
f 965/965/965 1093/1093/1093 1094/1094/1094
f 965/965/965 1094/1094/1094 966/966/966
f 966/966/966 1094/1094/1094 1095/1095/1095
f 966/966/966 1095/1095/1095 967/967/967
f 967/967/967 1095/1095/1095 1096/1096/1096
f 967/967/967 1096/1096/1096 968/968/968
f 968/968/968 1096/1096/1096 1097/1097/1097
f 968/968/968 1097/1097/1097 969/969/969
f 969/969/969 1097/1097/1097 1098/1098/1098
f 969/969/969 1098/1098/1098 970/970/970
f 970/970/970 1098/1098/1098 1099/1099/1099
f 970/970/970 1099/1099/1099 971/971/971
f 971/971/971 1099/1099/1099 1100/1100/1100
f 971/971/971 1100/1100/1100 972/972/972
f 972/972/972 1100/1100/1100 1101/1101/1101
f 972/972/972 1101/1101/1101 973/973/973
f 973/973/973 1101/1101/1101 1102/1102/1102
f 973/973/973 1102/1102/1102 974/974/974
f 974/974/974 1102/1102/1102 1103/1103/1103
f 974/974/974 1103/1103/1103 975/975/975
f 975/975/975 1103/1103/1103 1104/1104/1104
f 975/975/975 1104/1104/1104 976/976/976
f 976/976/976 1104/1104/1104 1105/1105/1105
f 976/976/976 1105/1105/1105 977/977/977
f 977/977/977 1105/1105/1105 1106/1106/1106
f 977/977/977 1106/1106/1106 978/978/978
f 978/978/978 1106/1106/1106 1107/1107/1107
f 978/978/978 1107/1107/1107 979/979/979
f 979/979/979 1107/1107/1107 1108/1108/1108
f 979/979/979 1108/1108/1108 980/980/980
f 980/980/980 1108/1108/1108 1109/1109/1109
f 980/980/980 1109/1109/1109 981/981/981
f 981/981/981 1109/1109/1109 1110/1110/1110
f 981/981/981 1110/1110/1110 982/982/982
f 982/982/982 1110/1110/1110 1111/1111/1111
f 982/982/982 1111/1111/1111 983/983/983
f 983/983/983 1111/1111/1111 1112/1112/1112
f 983/983/983 1112/1112/1112 984/984/984
f 984/984/984 1112/1112/1112 1113/1113/1113
f 984/984/984 1113/1113/1113 985/985/985
f 985/985/985 1113/1113/1113 1114/1114/1114
f 985/985/985 1114/1114/1114 986/986/986
f 986/986/986 1114/1114/1114 1115/1115/1115
f 986/986/986 1115/1115/1115 987/987/987
f 987/987/987 1115/1115/1115 1116/1116/1116
f 987/987/987 1116/1116/1116 988/988/988
f 988/988/988 1116/1116/1116 1117/1117/1117
f 988/988/988 1117/1117/1117 989/989/989
f 989/989/989 1117/1117/1117 1118/1118/1118
f 989/989/989 1118/1118/1118 990/990/990
f 990/990/990 1118/1118/1118 1119/1119/1119
f 990/990/990 1119/1119/1119 991/991/991
f 991/991/991 1119/1119/1119 1120/1120/1120
f 991/991/991 1120/1120/1120 992/992/992
f 992/992/992 1120/1120/1120 1121/1121/1121
f 992/992/992 1121/1121/1121 993/993/993
f 993/993/993 1121/1121/1121 1122/1122/1122
f 993/993/993 1122/1122/1122 994/994/994
f 994/994/994 1122/1122/1122 1123/1123/1123
f 994/994/994 1123/1123/1123 995/995/995
f 995/995/995 1123/1123/1123 1124/1124/1124
f 995/995/995 1124/1124/1124 996/996/996
f 996/996/996 1124/1124/1124 1125/1125/1125
f 996/996/996 1125/1125/1125 997/997/997
f 997/997/997 1125/1125/1125 1126/1126/1126
f 997/997/997 1126/1126/1126 998/998/998
f 998/998/998 1126/1126/1126 1127/1127/1127
f 998/998/998 1127/1127/1127 999/999/999
f 999/999/999 1127/1127/1127 1128/1128/1128
f 999/999/999 1128/1128/1128 1000/1000/1000
f 1000/1000/1000 1128/1128/1128 1129/1129/1129
f 1000/1000/1000 1129/1129/1129 1001/1001/1001
f 1001/1001/1001 1129/1129/1129 1130/1130/1130
f 1001/1001/1001 1130/1130/1130 1002/1002/1002
f 1002/1002/1002 1130/1130/1130 1131/1131/1131
f 1002/1002/1002 1131/1131/1131 1003/1003/1003
f 1003/1003/1003 1131/1131/1131 1132/1132/1132
f 1003/1003/1003 1132/1132/1132 1004/1004/1004
f 1004/1004/1004 1132/1132/1132 1133/1133/1133
f 1004/1004/1004 1133/1133/1133 1005/1005/1005
f 1005/1005/1005 1133/1133/1133 1134/1134/1134
f 1005/1005/1005 1134/1134/1134 1006/1006/1006
f 1006/1006/1006 1134/1134/1134 1135/1135/1135
f 1006/1006/1006 1135/1135/1135 1007/1007/1007
f 1007/1007/1007 1135/1135/1135 1136/1136/1136
f 1007/1007/1007 1136/1136/1136 1008/1008/1008
f 1008/1008/1008 1136/1136/1136 1137/1137/1137
f 1008/1008/1008 1137/1137/1137 1009/1009/1009
f 1009/1009/1009 1137/1137/1137 1138/1138/1138
f 1009/1009/1009 1138/1138/1138 1010/1010/1010
f 1010/1010/1010 1138/1138/1138 1139/1139/1139
f 1010/1010/1010 1139/1139/1139 1011/1011/1011
f 1011/1011/1011 1139/1139/1139 1140/1140/1140
f 1011/1011/1011 1140/1140/1140 1012/1012/1012
f 1012/1012/1012 1140/1140/1140 1141/1141/1141
f 1012/1012/1012 1141/1141/1141 1013/1013/1013
f 1013/1013/1013 1141/1141/1141 1142/1142/1142
f 1013/1013/1013 1142/1142/1142 1014/1014/1014
f 1014/1014/1014 1142/1142/1142 1143/1143/1143
f 1014/1014/1014 1143/1143/1143 1015/1015/1015
f 1015/1015/1015 1143/1143/1143 1144/1144/1144
f 1015/1015/1015 1144/1144/1144 1016/1016/1016
f 1016/1016/1016 1144/1144/1144 1145/1145/1145
f 1016/1016/1016 1145/1145/1145 1017/1017/1017
f 1017/1017/1017 1145/1145/1145 1146/1146/1146
f 1017/1017/1017 1146/1146/1146 1018/1018/1018
f 1018/1018/1018 1146/1146/1146 1147/1147/1147
f 1018/1018/1018 1147/1147/1147 1019/1019/1019
f 1019/1019/1019 1147/1147/1147 1148/1148/1148
f 1019/1019/1019 1148/1148/1148 1020/1020/1020
f 1020/1020/1020 1148/1148/1148 1149/1149/1149
f 1020/1020/1020 1149/1149/1149 1021/1021/1021
f 1021/1021/1021 1149/1149/1149 1150/1150/1150
f 1021/1021/1021 1150/1150/1150 1022/1022/1022
f 1022/1022/1022 1150/1150/1150 1151/1151/1151
f 1022/1022/1022 1151/1151/1151 1023/1023/1023
f 1023/1023/1023 1151/1151/1151 1152/1152/1152
f 1023/1023/1023 1152/1152/1152 1024/1024/1024
f 1024/1024/1024 1152/1152/1152 1153/1153/1153
f 1024/1024/1024 1153/1153/1153 1025/1025/1025
f 1025/1025/1025 1153/1153/1153 1154/1154/1154
f 1025/1025/1025 1154/1154/1154 1026/1026/1026
f 1026/1026/1026 1154/1154/1154 1155/1155/1155
f 1026/1026/1026 1155/1155/1155 1027/1027/1027
f 1027/1027/1027 1155/1155/1155 1156/1156/1156
f 1027/1027/1027 1156/1156/1156 1028/1028/1028
f 1028/1028/1028 1156/1156/1156 1157/1157/1157
f 1028/1028/1028 1157/1157/1157 1029/1029/1029
f 1029/1029/1029 1157/1157/1157 1158/1158/1158
f 1029/1029/1029 1158/1158/1158 1030/1030/1030
f 1030/1030/1030 1158/1158/1158 1159/1159/1159
f 1030/1030/1030 1159/1159/1159 1031/1031/1031
f 1031/1031/1031 1159/1159/1159 1160/1160/1160
f 1031/1031/1031 1160/1160/1160 1032/1032/1032
f 1032/1032/1032 1160/1160/1160 1033/1033/1033
f 1032/1032/1032 1033/1033/1033 905/905/905
